date,lat,lon,english_name,fl,wt
2024-11-15,-8.53,41.1,YFT,32,138
2024-11-15,-8.58,40.55,YFT,36,139
2024-11-15,-8.53,41.1,YFT,31,136
2024-11-15,-8.58,40.55,YFT,45,149
2024-11-15,-8.53,41.1,YFT,38,141
2024-12-15,-8.58,40.55,YFT,31,132
2024-12-15,-8.58,40.55,BET,33,125
2024-12-15,-7.11,42.56,YFT,43,146
2024-12-15,-7.11,42.56,BET,9,65
2024-12-15,-7.33,42.45,YFT,20,119
2024-12-15,-7.33,42.45,BET,9,65
2024-12-15,-8.12,42.21,YFT,22,120
2024-12-15,-8.27,42.07,YFT,21,120
2024-12-15,-7.11,42.56,YFT,34,131
2024-12-15,-7.33,42.45,YFT,21,128
2024-12-15,-8.12,42.21,YFT,47,141
2024-12-15,-8.27,42.07,YFT,20,118
2024-12-15,NA,NA,YFT,28,125
2025-01-15,-6.27,42.42,YFT,28,121
2025-01-15,-6.27,42.42,BET,24,104
2025-01-15,-6.3,42.4,YFT,44,137
2025-01-15,-6.3,42.4,BET,24,104
2025-01-15,-6.28,42.36,YFT,47,141
2025-01-15,-6.28,42.36,BET,24,104
2025-01-15,-5.52,42.28,YFT,30,123
2025-01-15,-5.52,42.28,BET,21,101
2025-01-15,-6.27,42.42,YFT,20,102
2025-01-15,-6.27,42.42,BET,22,128
2025-01-15,-6.3,42.4,YFT,37,130
2025-01-15,-6.3,42.4,BET,21,126
2025-01-15,-6.28,42.36,YFT,22,120
2025-01-15,-6.28,42.36,BET,22,128
2025-01-15,-5.52,42.28,YFT,65,162
2025-01-15,-5.52,42.28,BET,24,132
2025-01-15,-6.27,42.42,YFT,29,127
2025-01-15,-6.3,42.4,YFT,50,154
2025-01-15,-6.28,42.36,YFT,44,137
2025-01-15,-5.52,42.28,YFT,28,126
2025-01-15,-6.27,42.42,YFT,39,142
2025-01-15,-6.3,42.4,YFT,40,144
2025-01-15,-6.28,42.36,YFT,23,121
2024-11-15,-5.52,42.28,YFT,29,123
2024-11-15,-7,41.11,YFT,33,130
2024-11-15,-7.2,41.3,YFT,38,134
2024-11-15,-7.55,41.45,YFT,43,140
2024-11-15,-8.03,41.45,YFT,59,155
2024-11-15,-6.56,41.41,YFT,26,121
2024-11-15,-7,41.11,YFT,29,124
2024-11-15,-7.2,41.3,YFT,37,132
2024-11-15,-7.55,41.45,YFT,39,135
2024-11-15,-8.03,41.45,YFT,49,144
2024-12-15,-6.56,41.41,YFT,23,112
2024-12-15,-6.56,41.41,BET,37,126
2024-12-15,-7,41.11,YFT,28,122
2024-12-15,-7,41.11,BET,40,130
2024-12-15,-7.2,41.3,YFT,35,130
2024-12-15,-7.2,41.3,BET,42,131
2024-12-15,-7.55,41.45,YFT,39,133
2024-12-15,-7.55,41.45,BET,44,134
2024-12-15,-8.03,41.45,YFT,44,139
2024-12-15,-8.03,41.45,BET,58,147
2024-12-15,-6.56,41.41,YFT,17,96
2024-12-15,-6.56,41.41,BET,32,121
2024-12-15,-7,41.11,YFT,20,100
2024-12-15,-7,41.11,BET,40,130
2024-12-15,-7.2,41.3,YFT,20,103
2024-12-15,-7.2,41.3,BET,41,131
2024-12-15,-7.55,41.45,YFT,22,106
2024-12-15,-7.55,41.45,BET,49,138
2024-12-15,-8.03,41.45,YFT,26,119
2024-12-15,-6.56,41.41,YFT,21,104
2024-12-15,-7,41.11,YFT,24,110
2024-12-15,-7.2,41.3,YFT,29,122
2024-12-15,-7.55,41.45,YFT,31,126
2024-12-15,-8.03,41.45,YFT,38,131
2024-12-15,-6.3,43.13,YFT,22,106
2024-12-15,-6.52,43.11,YFT,24,110
2024-12-15,-6.44,43.05,YFT,28,121
2024-12-15,-7.2,42.48,YFT,33,127
2024-12-15,-7.55,42.3,YFT,35,130
2025-01-15,-6.3,43.13,YFT,23,107
2025-01-15,-6.52,43.11,YFT,26,117
2025-01-15,-6.44,43.05,YFT,29,121
2025-01-15,-7.2,42.48,YFT,33,127
2025-01-15,-7.55,42.3,YFT,43,136
2025-01-15,-6.3,43.13,YFT,22,105
2025-01-15,-6.52,43.11,YFT,30,124
2025-01-15,-6.44,43.05,YFT,31,125
2025-01-15,-7.2,42.48,YFT,39,132
2025-01-15,-7.55,42.3,YFT,46,140
2024-11-15,-8.1,40.54,YFT,30,125
2024-11-15,-8.1,40.54,BET,21,115
2024-11-15,-8.09,41.07,YFT,33,127
2024-11-15,-8.09,41.07,BET,20,113
2024-11-15,-8.1,40.58,YFT,30,125
2024-11-15,-8.1,40.58,BET,22,113
2024-11-15,-8.1,41.07,YFT,44,138
2024-11-15,-8.09,40.54,YFT,61,155
2024-12-15,-7.55,40.28,YFT,25,121
2024-12-15,-7.55,40.28,BET,25,113
2024-12-15,-8.14,40.45,YFT,64,153
2024-12-15,-8.14,40.45,BET,33,127
2024-12-15,-7.5,41.05,YFT,35,130
2024-12-15,-7.5,41.05,BET,40,130
2024-12-15,-7.5,41.05,YFT,45,139
2024-12-15,-7.5,41.05,BET,22,123
2024-12-15,-8.06,40.57,YFT,39,132
2024-12-15,-8.06,40.57,BET,22,123
2024-12-15,-7.56,41.09,YFT,37,132
2024-12-15,-7.56,41.09,BET,20,121
2024-12-15,-7.5,41.05,YFT,26,123
2024-12-15,-7.5,41.05,BET,20,121
2024-12-15,-7.5,41.05,YFT,30,125
2024-12-15,-7.5,41.05,BET,21,122
2024-12-15,-8.06,40.57,YFT,27,121
2024-12-15,-7.56,41.09,YFT,30,125
2024-12-15,-7.5,41.05,YFT,40,138
2024-12-15,-7.5,41.05,YFT,11,72
2025-01-15,-8.06,40.57,YFT,27,120
2025-01-15,-8.06,40.57,BET,21,100
2025-01-15,-7.56,41.09,YFT,47,142
2025-01-15,-7.56,41.09,BET,14,80
2025-01-15,-7.5,41.05,YFT,55,149
2025-01-15,-7.5,41.05,BET,80,172
2025-01-15,-7.1,41,YFT,70,165
2025-01-15,-7.1,41,BET,25,113
2025-01-15,-6.44,41.3,YFT,35,130
2025-01-15,-6.44,41.3,BET,33,130
2025-01-15,-6.35,42.37,YFT,50,147
2025-01-15,-6.35,42.37,BET,28,125
2025-01-15,-8.06,40.57,YFT,30,125
2025-01-15,-8.06,40.57,BET,22,118
2025-01-15,-7.56,41.09,YFT,46,141
2025-01-15,-7.56,41.09,BET,68,165
2025-01-15,-7.5,41.05,YFT,27,132
2025-01-15,-7.5,41.05,BET,25,115
2025-01-15,-7.1,41,YFT,26,115
2025-01-15,-7.1,41,BET,38,136
2025-01-15,-6.44,41.3,YFT,20,100
2025-01-15,-6.44,41.3,BET,44,145
2025-01-15,-6.35,42.37,YFT,20,102
2025-01-15,-8.06,40.57,YFT,13,90
2025-01-15,-7.56,41.09,YFT,32,129
2025-01-15,-7.5,41.05,YFT,31,129
2025-01-15,-7.1,41,YFT,55,152
2025-01-15,-6.44,41.3,YFT,25,121
2025-01-15,-6.35,42.37,YFT,33,130
2024-11-15,-9.4,40.03,YFT,35,132
2024-11-15,-9.4,40.03,BET,19,101
2024-11-15,-9.33,40.07,YFT,37,134
2024-11-15,-9.33,40.07,BET,21,104
2024-11-15,-9.1,40.03,YFT,51,148
2024-11-15,-9.1,40.03,BET,18,101
2024-11-15,-9.15,40.03,YFT,30,122
2024-11-15,-9.15,40.03,BET,40,127
2024-11-15,-9.25,40.05,YFT,45,142
2024-11-15,-9.25,40.05,BET,21,104
2024-11-15,-9.17,40.03,YFT,55,150
2024-11-15,-9.17,40.03,BET,29,105
2024-11-15,-9.26,40.05,YFT,44,137
2024-11-15,-9.26,40.05,BET,18,95
2024-11-15,-9.4,40.03,YFT,49,145
2024-11-15,-9.4,40.03,BET,25,103
2024-11-15,-9.33,40.07,YFT,22,105
2024-11-15,-9.33,40.07,BET,22,100
2024-11-15,-9.1,40.03,YFT,36,132
2024-11-15,-9.15,40.03,YFT,80,175
2024-11-15,-9.15,40.03,BET,31,132
2024-11-15,-9.25,40.05,YFT,57,157
2024-11-15,-9.25,40.05,BET,25,109
2024-11-15,-9.17,40.03,YFT,79,179
2024-11-15,-9.17,40.03,BET,23,107
2024-11-15,-9.26,40.05,YFT,58,155
2024-11-15,-9.26,40.05,BET,30,112
2024-11-15,-9.4,40.03,YFT,81,168
2024-11-15,-9.4,40.03,BET,47,137
2024-11-15,-9.33,40.07,YFT,77,167
2024-11-15,-9.33,40.07,BET,33,120
2024-11-15,-9.1,40.03,YFT,70,165
2024-11-15,-9.1,40.03,BET,30,105
2024-11-15,-9.15,40.03,YFT,87,178
2024-11-15,-9.15,40.03,BET,25,103
2024-11-15,-9.25,40.05,YFT,67,172
2024-11-15,-9.25,40.05,BET,35,120
2024-11-15,-9.17,40.03,YFT,71,165
2024-11-15,-9.17,40.03,BET,26,104
2024-11-15,-9.26,40.05,YFT,85,169
2024-11-15,-9.26,40.05,BET,19,96
2024-11-15,-9.4,40.03,YFT,45,167
2024-11-15,-9.4,40.03,BET,96,170
2024-11-15,-9.33,40.07,YFT,27,119
2024-11-15,-9.33,40.07,BET,20,102
2024-11-15,-9.1,40.03,YFT,32,126
2024-11-15,-9.1,40.03,BET,23,104
2024-11-15,-9.15,40.03,YFT,55,145
2024-11-15,-9.15,40.03,BET,19,98
2024-11-15,-9.25,40.05,YFT,50,151
2024-11-15,-9.25,40.05,BET,25,105
2024-11-15,-9.17,40.03,YFT,67,167
2024-11-15,-9.17,40.03,BET,22,103
2024-11-15,-9.26,40.05,YFT,25,107
2024-11-15,-9.26,40.05,BET,36,121
2024-11-15,-9.4,40.03,YFT,77,167
2024-11-15,-9.4,40.03,BET,21,105
2024-11-15,-9.33,40.07,YFT,62,164
2024-11-15,-9.1,40.03,YFT,37,129
2024-11-15,-9.1,40.03,BET,25,105
2024-11-15,-9.15,40.03,YFT,56,149
2024-11-15,-9.15,40.03,BET,22,107
2024-11-15,-9.25,40.05,YFT,58,155
2024-11-15,-9.25,40.05,BET,24,112
2024-11-15,-9.17,40.03,YFT,77,169
2024-11-15,-9.17,40.03,BET,26,109
2024-11-15,-9.26,40.05,YFT,58,156
2024-11-15,-9.26,40.05,BET,52,143
2024-11-15,-8.5,40,YFT,77,167
2024-11-15,-8.5,40,BET,20,107
2024-11-15,-8.45,40.02,YFT,40,132
2024-11-15,-8.45,40.02,BET,25,105
2024-11-15,-8.25,40.09,YFT,34,127
2024-11-15,-8.25,40.09,BET,26,106
2024-11-15,-8.01,40.12,YFT,56,155
2024-11-15,-7.35,40.16,YFT,63,153
2024-11-15,-7.35,40.16,BET,58,143
2024-11-15,-7.1,40.18,YFT,48,149
2024-11-15,-7.1,40.18,BET,25,105
2024-11-15,-9.06,40.03,YFT,38,136
2024-11-15,-8.5,40,YFT,55,157
2024-11-15,-8.45,40.02,YFT,65,155
2024-11-15,-8.25,40.09,YFT,30,125
2024-11-15,-8.25,40.09,BET,57,143
2024-11-15,-8.01,40.12,YFT,35,130
2024-11-15,-8.01,40.12,BET,40,130
2024-11-15,-7.35,40.16,YFT,40,132
2024-11-15,-7.1,40.18,YFT,42,140
2024-11-15,-9.06,40.03,YFT,53,148
2024-11-15,-8.5,40,YFT,48,142
2024-11-15,-8.5,40,BET,34,120
2024-11-15,-8.45,40.02,YFT,65,147
2024-11-15,-8.45,40.02,BET,25,110
2024-11-15,-8.25,40.09,YFT,55,142
2024-11-15,-8.25,40.09,BET,22,105
2024-11-15,-8.01,40.12,YFT,32,131
2024-11-15,-7.35,40.16,YFT,36,134
2024-11-15,-7.1,40.18,YFT,98,178
2024-11-15,-7.1,40.18,BET,22,106
2024-11-15,-9.06,40.03,YFT,57,157
2024-11-15,-9.06,40.03,BET,20,103
2024-11-15,-8.5,40,YFT,79,164
2024-11-15,-8.45,40.02,YFT,50,148
2024-11-15,-8.25,40.09,YFT,55,147
2024-11-15,-8.01,40.12,YFT,79,170
2024-11-15,-8.01,40.12,BET,22,106
2024-11-15,-7.35,40.16,YFT,96,170
2024-11-15,-7.35,40.16,BET,25,110
2024-11-15,-7.1,40.18,YFT,20,107
2024-11-15,-9.06,40.03,YFT,28,109
2024-11-15,-8.5,40,YFT,45,137
2024-11-15,-8.45,40.02,YFT,73,164
2024-11-15,-8.45,40.02,BET,32,121
2024-11-15,-8.25,40.09,YFT,43,137
2024-11-15,-8.25,40.09,BET,51,142
2024-11-15,-8.01,40.12,YFT,36,115
2024-11-15,-8.01,40.12,BET,52,144
2024-11-15,-7.35,40.16,YFT,56,149
2024-11-15,-7.35,40.16,BET,28,118
2024-11-15,-7.1,40.18,YFT,80,167
2024-11-15,-9.06,40.03,YFT,55,153
2024-11-15,-8.5,40,YFT,40,138
2024-11-15,-8.45,40.02,YFT,51,146
2024-11-15,-8.25,40.09,YFT,27,119
2024-11-15,-8.01,40.12,YFT,43,142
2024-11-15,-7.35,40.16,YFT,31,127
2024-11-15,-7.1,40.18,YFT,69,155
2024-11-15,-9.06,40.03,YFT,53,153
2024-11-15,-8.5,40,YFT,81,172
2024-11-15,-8.45,40.02,YFT,31,133
2024-11-15,-8.25,40.09,YFT,34,124
2024-11-15,-8.25,40.09,BET,50,137
2024-11-15,-8.01,40.12,YFT,48,140
2024-11-15,-8.01,40.12,BET,25,131
2024-11-15,-7.35,40.16,YFT,27,120
2024-11-15,-7.35,40.16,BET,26,115
2024-11-15,-7.1,40.18,YFT,47,144
2024-11-15,-9.06,40.03,YFT,41,138
2024-11-15,-8.5,40,YFT,48,140
2024-11-15,-8.5,40,BET,42,130
2024-11-15,-8.45,40.02,YFT,47,148
2024-11-15,-8.45,40.02,BET,34,120
2024-11-15,-8.25,40.09,YFT,76,163
2024-11-15,-8.25,40.09,BET,36,126
2024-11-15,-8.01,40.12,YFT,30,126
2024-11-15,-8.01,40.12,BET,35,123
2024-11-15,-7.35,40.16,YFT,83,176
2024-11-15,-7.1,40.18,YFT,47,165
2024-11-15,-9.06,40.03,YFT,48,148
2024-11-15,-8.5,40,YFT,77,167
2024-11-15,-8.45,40.02,YFT,30,124
2024-11-15,-8.25,40.09,YFT,48,145
2024-11-15,-8.01,40.12,YFT,47,165
2024-11-15,-7.35,40.16,YFT,48,148
2024-11-15,-7.1,40.18,YFT,77,167
2024-11-15,-9.06,40.03,YFT,48,140
2024-11-15,-8.5,40,YFT,47,148
2024-11-15,-8.45,40.02,YFT,57,153
2024-11-15,-8.45,40.02,BET,45,135
2024-11-15,-8.25,40.09,YFT,76,170
2024-11-15,-8.25,40.09,BET,47,138
2024-11-15,-8.01,40.12,YFT,58,148
2024-11-15,-8.01,40.12,BET,40,130
2024-11-15,-7.35,40.16,YFT,39,135
2024-11-15,-7.35,40.16,BET,38,124
2024-11-15,-7.1,40.18,YFT,34,124
2024-11-15,-9.06,40.03,YFT,84,177
2024-11-15,-9.06,40.03,BET,84,172
2024-11-15,-8.5,40,YFT,46,139
2024-11-15,-8.5,40,BET,48,136
2024-11-15,-8.45,40.02,YFT,66,160
2024-11-15,-8.45,40.02,BET,44,136
2024-11-15,-8.25,40.09,YFT,50,140
2024-11-15,-8.25,40.09,BET,50,141
2024-11-15,-8.01,40.12,YFT,60,153
2024-11-15,-8.01,40.12,BET,49,142
2024-11-15,-7.35,40.16,YFT,57,155
2024-11-15,-7.35,40.16,BET,45,236
2024-11-15,-7.1,40.18,YFT,36,135
2024-11-15,-9.06,40.03,YFT,22,115
2024-11-15,-8.5,40,YFT,42,140
2024-11-15,-8.45,40.02,YFT,48,150
2024-11-15,-8.25,40.09,YFT,49,146
2024-11-15,-8.25,40.09,BET,50,149
2024-11-15,-8.01,40.12,YFT,22,102
2024-11-15,-8.01,40.12,BET,49,142
2024-11-15,-7.35,40.16,YFT,32,127
2024-11-15,-7.35,40.16,BET,63,143
2024-11-15,-7.1,40.18,YFT,58,158
2024-11-15,-7.1,40.18,BET,47,138
2024-11-15,-8.01,40.12,YFT,41,135
2024-11-15,-8.01,40.12,BET,48,140
2024-12-15,-6.08,42.48,YFT,27,108
2024-12-15,-6.08,42.48,BET,50,135
2024-12-15,-5.47,40.44,YFT,68,162
2024-12-15,-5.47,40.44,BET,47,141
2024-12-15,-5.41,41,YFT,24,114
2024-12-15,-5.41,41,BET,32,121
2024-12-15,-5.26,41,YFT,23,113
2024-12-15,-5.26,41,BET,80,160
2024-12-15,-5.13,41,YFT,26,114
2024-12-15,-5.13,41,BET,48,142
2024-12-15,-6.04,40.55,YFT,26,109
2024-12-15,-6.04,40.55,BET,36,122
2024-12-15,-9.45,40.23,YFT,23,104
2024-12-15,-9.54,40.41,YFT,45,142
2024-12-15,-9.48,40.26,YFT,32,123
2024-12-15,-9.47,40.35,YFT,39,128
2024-12-15,-9.58,40.34,YFT,45,145
2024-12-15,-9.58,40.34,BET,27,110
2024-12-15,-9.43,40.3,YFT,40,134
2024-12-15,-9.43,40.3,BET,35,125
2024-12-15,-9.54,40.38,YFT,23,115
2024-12-15,-9.54,40.38,BET,28,110
2024-12-15,-9.5,40.34,YFT,35,140
2024-12-15,-9.27,40.28,YFT,25,105
2024-12-15,-9.51,40.34,YFT,26,107
2024-12-15,-9.51,40.34,BET,43,138
2024-12-15,-9.53,40.36,YFT,36,129
2024-12-15,-9.56,40.43,YFT,30,123
2024-12-15,-9.56,40.41,YFT,50,149
2024-12-15,-9.46,40.25,YFT,28,120
2024-12-15,-9.45,40.28,YFT,60,149
2024-12-15,-9.45,40.28,BET,26,110
2024-12-15,-9.51,40.34,YFT,31,123
2024-12-15,-9.51,40.34,BET,23,105
2024-12-15,-9.45,40.26,YFT,46,140
2024-12-15,-9.45,40.26,BET,40,130
2024-12-15,-9.38,40.21,YFT,45,145
2024-12-15,-9.38,40.21,BET,28,109
2024-12-15,-9.48,40.26,YFT,24,113
2024-12-15,-9.48,40.26,BET,54,154
2024-12-15,-9.47,40.35,YFT,21,107
2024-12-15,-9.47,40.35,BET,59,149
2024-12-15,-9.58,40.34,YFT,50,149
2024-12-15,-9.58,40.34,BET,25,108
2024-12-15,-9.43,40.3,YFT,53,151
2024-12-15,-9.43,40.3,BET,23,103
2024-12-15,-9.54,40.38,YFT,55,152
2024-12-15,-9.54,40.38,BET,25,107
2024-12-15,-9.5,40.34,YFT,32,127
2024-12-15,-9.5,40.34,BET,35,123
2024-12-15,-9.27,40.28,YFT,31,130
2024-12-15,-9.51,40.34,YFT,27,119
2024-12-15,-9.53,40.36,YFT,35,128
2024-12-15,-9.56,40.43,YFT,36,137
2024-12-15,-9.56,40.41,YFT,72,164
2024-12-15,-9.46,40.25,YFT,37,130
2024-12-15,-9.45,40.28,YFT,35,130
2024-12-15,-9.51,40.34,YFT,47,146
2024-12-15,-9.45,40.26,YFT,53,152
2024-12-15,-9.38,40.21,YFT,41,140
2024-12-15,-9.48,40.3,YFT,43,142
2024-12-15,-9.48,40.3,BET,25,108
2024-12-15,-9.38,40.19,YFT,27,122
2024-12-15,-9.38,40.19,BET,27,110
2024-12-15,-9.58,40.42,YFT,78,167
2024-12-15,-9.58,40.42,BET,102,178
2024-12-15,-9.48,40.35,YFT,36,132
2024-12-15,-9.48,40.35,BET,55,145
2024-12-15,-9.38,40.21,YFT,57,155
2024-12-15,-9.38,40.21,BET,25,107
2024-12-15,-9.48,40.3,YFT,47,145
2024-12-15,-9.48,40.3,BET,35,119
2024-12-15,-9.38,40.19,YFT,41,136
2024-12-15,-9.38,40.19,BET,26,113
2024-12-15,-9.58,40.42,YFT,38,131
2024-12-15,-9.58,40.42,BET,75,158
2024-12-15,-9.48,40.35,YFT,54,144
2024-12-15,-9.48,40.35,BET,73,167
2024-12-15,-9.51,40.34,YFT,42,138
2024-12-15,-9.51,40.34,BET,47,136
2024-12-15,-9.45,40.26,YFT,41,138
2024-12-15,-9.45,40.26,BET,47,131
2024-12-15,-9.38,40.21,YFT,66,161
2024-12-15,-9.38,40.21,BET,27,102
2024-12-15,-9.48,40.3,YFT,41,131
2024-12-15,-9.48,40.3,BET,27,110
2024-12-15,-9.38,40.19,YFT,72,168
2024-12-15,-9.38,40.19,BET,60,155
2024-12-15,-9.58,40.42,YFT,50,140
2024-12-15,-9.58,40.42,BET,42,136
2024-12-15,-9.48,40.35,YFT,41,136
2024-12-15,-9.48,40.35,BET,36,122
2024-12-15,-9.51,40.34,YFT,48,148
2024-12-15,-9.51,40.34,BET,61,150
2024-12-15,-9.45,40.26,YFT,52,151
2024-12-15,-9.45,40.26,BET,30,109
2024-12-15,-9.38,40.21,YFT,68,163
2024-12-15,-9.38,40.21,BET,26,105
2024-12-15,-9.48,40.3,YFT,50,150
2024-12-15,-9.48,40.3,BET,83,164
2024-12-15,-9.38,40.19,YFT,38,131
2024-12-15,-9.38,40.19,BET,47,135
2024-12-15,-9.51,40.34,YFT,47,146
2024-12-15,-9.51,40.34,BET,26,104
2024-12-15,-9.53,40.36,YFT,69,162
2024-12-15,-9.53,40.36,BET,73,154
2024-12-15,-9.56,40.43,YFT,15,90
2024-12-15,-9.56,40.43,BET,61,149
2024-12-15,-9.56,40.41,YFT,13,87
2024-12-15,-9.56,40.41,BET,36,124
2024-12-15,-9.46,40.25,YFT,62,155
2024-12-15,-9.46,40.25,BET,66,159
2024-12-15,-9.45,40.28,YFT,75,165
2024-12-15,-9.45,40.28,BET,27,108
2024-12-15,-9.51,40.34,YFT,33,133
2024-12-15,-9.51,40.34,BET,56,150
2024-12-15,-9.45,40.26,YFT,32,129
2024-12-15,-9.45,40.26,BET,113,192
2024-12-15,-9.38,40.21,YFT,42,134
2024-12-15,-9.38,40.21,BET,26,106
2024-12-15,-9.48,40.3,YFT,37,134
2024-12-15,-9.48,40.3,BET,25,109
2024-12-15,-9.38,40.19,YFT,66,163
2024-12-15,-9.38,40.19,BET,70,153
2024-12-15,-9.58,40.42,YFT,51,148
2024-12-15,-9.58,40.42,BET,26,108
2024-12-15,-9.48,40.35,YFT,73,163
2024-12-15,-9.48,40.35,BET,100,181
2024-12-15,-9.38,40.21,YFT,26,115
2024-12-15,-9.38,40.21,BET,46,137
2024-12-15,-9.48,40.3,YFT,81,156
2024-12-15,-9.48,40.3,BET,63,149
2024-12-15,-9.38,40.19,YFT,31,122
2024-12-15,-9.38,40.19,BET,40,129
2024-12-15,-9.58,40.42,YFT,66,162
2024-12-15,-9.58,40.42,BET,43,137
2024-12-15,-9.48,40.35,YFT,37,120
2024-12-15,-9.48,40.35,BET,38,120
2024-12-15,-9.51,40.34,YFT,29,126
2024-12-15,-9.51,40.34,BET,31,109
2024-12-15,-9.45,40.26,YFT,42,140
2024-12-15,-9.45,40.26,BET,42,138
2024-12-15,-9.38,40.21,YFT,43,140
2024-12-15,-9.38,40.21,BET,42,134
2024-12-15,-9.48,40.3,YFT,83,170
2024-12-15,-9.48,40.3,BET,52,143
2024-12-15,-9.38,40.19,YFT,36,119
2024-12-15,-9.38,40.19,BET,29,115
2024-12-15,-9.58,40.42,YFT,31,120
2024-12-15,-9.58,40.42,BET,39,127
2024-12-15,-9.48,40.35,YFT,55,148
2024-12-15,-9.48,40.35,BET,46,134
2024-12-15,-9.51,40.34,YFT,38,138
2024-12-15,-9.51,40.34,BET,36,132
2024-12-15,-9.45,40.26,YFT,70,165
2024-12-15,-9.45,40.26,BET,28,102
2024-12-15,-9.38,40.21,YFT,50,145
2024-12-15,-9.38,40.21,BET,58,147
2024-12-15,-9.48,40.3,YFT,28,115
2024-12-15,-9.48,40.3,BET,25,97
2024-12-15,-9.38,40.19,YFT,55,153
2024-12-15,-9.38,40.19,BET,22,97
2024-12-15,-9.58,40.42,YFT,33,128
2024-12-15,-9.58,40.42,BET,78,168
2024-12-15,-9.48,40.35,YFT,32,132
2024-12-15,-9.48,40.35,BET,41,132
2024-12-15,-9.51,40.34,YFT,63,146
2024-12-15,-9.51,40.34,BET,77,168
2024-12-15,-9.45,40.26,YFT,38,133
2024-12-15,-9.45,40.26,BET,23,102
2024-12-15,-9.38,40.21,YFT,28,109
2024-12-15,-9.38,40.21,BET,97,179
2024-12-15,-9.48,40.3,YFT,76,165
2024-12-15,-9.48,40.3,BET,105,181
2024-12-15,-9.38,40.19,YFT,80,169
2024-12-15,-9.38,40.19,BET,31,125
2024-12-15,-9.58,40.42,YFT,31,122
2024-12-15,-9.58,40.42,BET,28,108
2024-12-15,-9.48,40.35,YFT,80,173
2024-12-15,-9.48,40.35,BET,25,102
2024-12-15,NA,NA,YFT,33,125
2024-12-15,NA,NA,BET,36,126
2024-12-15,-9.51,40.34,YFT,33,130
2024-12-15,-9.51,40.34,BET,60,160
2024-12-15,-9.45,40.26,YFT,38,135
2024-12-15,-9.45,40.26,BET,36,122
2024-12-15,-9.38,40.21,YFT,25,115
2024-12-15,-9.38,40.21,BET,42,132
2024-12-15,-9.48,40.3,YFT,45,142
2024-12-15,-9.48,40.3,BET,48,142
2024-12-15,-9.38,40.19,YFT,45,145
2024-12-15,-9.38,40.19,BET,51,138
2024-12-15,-9.58,40.42,YFT,25,117
2024-12-15,-9.58,40.42,BET,50,140
2024-12-15,-9.48,40.35,YFT,48,143
2024-12-15,-9.48,40.35,BET,34,122
2024-12-15,NA,NA,YFT,38,130
2024-12-15,NA,NA,BET,27,108
2024-12-15,-9.51,40.34,YFT,33,128
2024-12-15,-9.51,40.34,BET,25,102
2024-12-15,-9.45,40.26,YFT,25,104
2024-12-15,-9.45,40.26,BET,25,100
2024-12-15,-9.38,40.21,YFT,39,134
2024-12-15,-9.38,40.21,BET,31,109
2024-12-15,-9.48,40.3,YFT,67,161
2024-12-15,-9.48,40.3,BET,24,99
2024-12-15,-9.38,40.19,YFT,45,143
2024-12-15,-9.38,40.19,BET,30,101
2024-12-15,-9.58,40.42,YFT,41,145
2024-12-15,-9.58,40.42,BET,33,111
2024-12-15,-9.48,40.35,YFT,74,166
2024-12-15,-9.48,40.35,BET,46,123
2024-12-15,-9.51,40.34,YFT,71,161
2024-12-15,-9.51,40.34,BET,42,119
2024-12-15,-9.45,40.26,YFT,72,163
2024-12-15,-9.45,40.26,BET,27,115
2024-12-15,-9.38,40.21,YFT,41,139
2024-12-15,-9.38,40.21,BET,58,144
2024-12-15,-9.48,40.3,YFT,41,141
2024-12-15,-9.48,40.3,BET,46,138
2024-12-15,-9.38,40.19,YFT,36,131
2024-12-15,-9.38,40.19,BET,20,101
2024-12-15,-9.58,40.42,YFT,24,113
2024-12-15,-9.58,40.42,BET,102,183
2024-12-15,-9.48,40.35,YFT,50,141
2024-12-15,-9.48,40.35,BET,24,112
2024-12-15,-9.51,40.34,YFT,53,145
2024-12-15,-9.51,40.34,BET,25,106
2024-12-15,-9.45,40.26,YFT,60,153
2024-12-15,-9.45,40.26,BET,56,145
2024-12-15,-9.38,40.21,YFT,39,135
2024-12-15,-9.38,40.21,BET,45,132
2024-12-15,-9.48,40.3,YFT,47,145
2024-12-15,-9.48,40.3,BET,41,134
2024-12-15,-9.38,40.19,YFT,25,105
2024-12-15,-9.38,40.19,BET,31,122
2024-12-15,-9.58,40.42,YFT,78,172
2024-12-15,-9.58,40.42,BET,56,147
2024-12-15,-9.48,40.35,YFT,38,131
2024-12-15,-9.48,40.35,BET,26,112
2025-01-15,-9.45,40.33,YFT,48,145
2025-01-15,-9.45,40.33,BET,86,176
2025-01-15,-9.55,40.48,YFT,33,126
2025-01-15,-9.55,40.48,BET,50,140
2025-01-15,-9.48,40.37,YFT,49,146
2025-01-15,-9.48,40.37,BET,53,141
2025-01-15,-9.55,40.37,YFT,78,168
2025-01-15,-9.55,40.37,BET,98,176
2025-01-15,-9.4,40.29,YFT,35,132
2025-01-15,-9.4,40.29,BET,57,147
2025-01-15,-9.55,40.38,YFT,31,124
2025-01-15,-9.55,40.38,BET,31,123
2025-01-15,-9.33,40.2,YFT,33,127
2025-01-15,-9.33,40.2,BET,57,148
2025-01-15,-9.46,40.32,YFT,52,148
2025-01-15,-9.46,40.32,BET,75,163
2025-01-15,-9.5,40.38,YFT,43,140
2025-01-15,-9.5,40.38,BET,32,125
2025-01-15,-9.06,40.34,YFT,20,107
2025-01-15,-9.06,40.34,BET,33,126
2025-01-15,-9.25,40.19,YFT,25,114
2025-01-15,-9.25,40.19,BET,27,115
2025-01-15,-9.41,40.18,YFT,45,140
2025-01-15,-9.41,40.18,BET,25,110
2025-01-15,-9.43,40.21,YFT,51,147
2025-01-15,-9.43,40.21,BET,27,113
2025-01-15,-9.46,40.32,YFT,77,172
2025-01-15,-9.46,40.32,BET,35,123
2025-01-15,-9.5,40.38,YFT,33,125
2025-01-15,-9.5,40.38,BET,33,125
2025-01-15,-9.06,40.34,YFT,56,146
2025-01-15,-9.06,40.34,BET,50,148
2025-01-15,-9.25,40.19,YFT,41,137
2025-01-15,-9.25,40.19,BET,27,110
2025-01-15,-9.41,40.18,YFT,45,140
2025-01-15,-9.41,40.18,BET,41,130
2025-01-15,-9.43,40.21,YFT,53,150
2025-01-15,-9.43,40.21,BET,25,110
2025-01-15,-9.46,40.32,YFT,22,114
2025-01-15,-9.46,40.32,BET,35,125
2025-01-15,-9.5,40.38,YFT,40,133
2025-01-15,-9.5,40.38,BET,125,185
2025-01-15,-9.06,40.34,YFT,38,130
2025-01-15,-9.06,40.34,BET,68,155
2025-01-15,-9.25,40.19,YFT,47,141
2025-01-15,-9.25,40.19,BET,99,177
2025-01-15,-9.41,40.18,YFT,25,110
2025-01-15,-9.41,40.18,BET,42,119
2025-01-15,-9.43,40.21,YFT,32,125
2025-01-15,-9.43,40.21,BET,24,112
2025-01-15,-9.46,40.32,YFT,33,125
2025-01-15,-9.46,40.32,BET,62,155
2025-01-15,-9.5,40.38,YFT,35,128
2025-01-15,-9.5,40.38,BET,64,149
2025-01-15,-9.06,40.34,YFT,60,155
2025-01-15,-9.06,40.34,BET,99,176
2025-01-15,-9.25,40.19,YFT,57,147
2025-01-15,-9.25,40.19,BET,35,135
2025-01-15,-9.41,40.18,YFT,33,125
2025-01-15,-9.43,40.21,YFT,20,113
2025-01-15,-9.43,40.21,BET,25,112
2025-01-15,-9.46,40.32,YFT,22,109
2025-01-15,-9.46,40.32,BET,46,145
2025-01-15,-9.5,40.38,YFT,52,157
2025-01-15,-9.06,40.34,YFT,65,172
2025-01-15,-9.25,40.19,YFT,30,127
2025-01-15,-9.41,40.18,YFT,38,141
2025-01-15,-9.41,40.18,BET,100,185
2025-01-15,-9.43,40.21,YFT,47,148
2025-01-15,-9.43,40.21,BET,58,147
2025-01-15,-9.5,40.38,YFT,36,140
2025-01-15,-9.5,40.38,BET,33,119
2025-01-15,-9.06,40.34,YFT,65,172
2025-01-15,-9.06,40.34,BET,24,112
2025-01-15,-9.25,40.19,YFT,30,127
2025-01-15,-9.41,40.18,YFT,35,133
2025-01-15,-9.41,40.18,BET,36,133
2025-01-15,-9.43,40.21,YFT,64,172
2025-01-15,-9.43,40.21,BET,29,128
2025-01-15,-9.46,40.32,YFT,27,128
2025-01-15,-9.46,40.32,BET,47,145
2025-01-15,-9.5,40.38,YFT,57,165
2025-01-15,-9.5,40.38,BET,43,135
2025-01-15,-9.06,40.34,YFT,56,162
2025-01-15,-9.06,40.34,BET,25,108
2025-01-15,-9.25,40.19,YFT,50,150
2025-01-15,-9.25,40.19,BET,32,125
2025-01-15,-9.41,40.18,YFT,51,151
2025-01-15,-9.41,40.18,BET,51,148
2025-01-15,-9.43,40.21,YFT,22,122
2025-01-15,-9.43,40.21,BET,40,141
2025-01-15,-9.46,40.32,YFT,50,145
2025-01-15,-9.46,40.32,BET,51,149
2025-01-15,-9.5,40.38,YFT,35,135
2025-01-15,-9.06,40.34,YFT,60,150
2025-01-15,-9.06,40.34,BET,92,178
2025-01-15,-9.25,40.19,YFT,58,156
2025-01-15,-9.25,40.19,BET,62,160
2025-01-15,-9.41,40.18,YFT,38,135
2025-01-15,-9.43,40.21,YFT,40,133
2025-01-15,-9.46,40.32,YFT,76,178
2025-01-15,-9.5,40.38,YFT,88,178
2025-01-15,-9.5,40.38,BET,35,129
2025-01-15,-9.06,40.34,YFT,66,165
2025-01-15,-9.06,40.34,BET,39,135
2025-01-15,-9.25,40.19,YFT,39,135
2025-01-15,-9.41,40.18,YFT,62,160
2025-01-15,-9.43,40.21,YFT,55,149
2025-01-15,-9.46,40.32,YFT,77,170
2025-01-15,-9.46,40.32,BET,60,150
2025-01-15,-9.5,40.38,YFT,85,175
2025-01-15,-9.06,40.34,YFT,77,171
2025-01-15,-9.25,40.19,YFT,69,166
2025-01-15,-9.41,40.18,YFT,69,167
2025-01-15,-9.43,40.21,YFT,79,173
2025-01-15,-9.43,40.21,BET,34,120
2025-01-15,-9.46,40.32,YFT,43,137
2025-01-15,-9.46,40.32,BET,50,134
2025-01-15,-9.5,40.38,YFT,71,162
2025-01-15,-9.06,40.34,YFT,48,145
2025-01-15,-9.25,40.19,YFT,53,155
2025-01-15,-9.41,40.18,YFT,35,140
2025-01-15,-9.41,40.18,BET,41,132
2025-01-15,-9.43,40.21,YFT,44,146
2025-01-15,-9.43,40.21,BET,39,133
2025-01-15,-9.12,40.07,YFT,42,142
2025-01-15,-9.12,40.07,BET,31,120
2025-01-15,-9.39,40.12,YFT,49,145
2025-01-15,-9.39,40.12,BET,39,130
2025-01-15,-9.33,40.12,YFT,23,108
2025-01-15,-9.33,40.12,BET,39,131
2025-01-15,-9.15,40.07,YFT,66,161
2025-01-15,-9.15,40.07,BET,54,154
2025-01-15,-8.46,40.03,YFT,67,160
2025-01-15,-8.46,40.03,BET,66,159
2025-01-15,-8.28,40.03,YFT,59,156
2025-01-15,-8.28,40.03,BET,26,108
2025-01-15,-8.08,40.12,YFT,36,132
2025-01-15,-8.08,40.12,BET,75,163
2025-01-15,-7.55,40.19,YFT,41,135
2025-01-15,-7.15,40.18,YFT,34,140
2025-01-15,-7.15,40.18,BET,52,140
2025-01-15,-8.21,40.05,YFT,24,114
2025-01-15,-8.21,40.05,BET,63,164
2025-01-15,-7.56,40.16,YFT,70,164
2025-01-15,-7.43,40.17,YFT,82,174
2025-01-15,-7.57,40.19,YFT,62,152
2025-01-15,-9.54,40.36,YFT,26,122
2025-01-15,-9.54,40.36,BET,61,151
2025-01-15,-8.21,40.05,YFT,63,159
2025-01-15,-8.21,40.05,BET,106,185
2025-01-15,-7.56,40.16,YFT,81,173
2025-01-15,-7.43,40.17,YFT,92,178
2025-01-15,-7.57,40.19,YFT,27,121
2025-01-15,-9.54,40.36,YFT,39,132
2025-01-15,-9.54,40.36,BET,25,115
2025-01-15,-8.21,40.05,YFT,47,139
2025-01-15,-8.21,40.05,BET,41,137
2025-01-15,-7.56,40.16,YFT,72,170
2025-01-15,-7.56,40.16,BET,25,113
2025-01-15,-7.43,40.17,YFT,60,147
2025-01-15,-7.43,40.17,BET,37,135
2025-01-15,-7.57,40.19,YFT,61,147
2025-01-15,-7.57,40.19,BET,38,126
2025-01-15,-9.54,40.36,YFT,85,173
2025-01-15,-9.54,40.36,BET,55,155
2025-01-15,-8.21,40.05,YFT,36,135
2025-01-15,-8.21,40.05,BET,61,148
2025-01-15,-7.56,40.16,YFT,52,149
2025-01-15,-7.56,40.16,BET,41,136
2025-01-15,-7.43,40.17,YFT,40,138
2025-01-15,-7.43,40.17,BET,33,120
2025-01-15,-7.57,40.19,YFT,93,178
2025-01-15,-7.57,40.19,BET,34,121
2025-01-15,-9.54,40.36,YFT,71,169
2025-01-15,-9.54,40.36,BET,25,109
2025-01-15,-8.21,40.05,YFT,75,171
2025-01-15,-8.21,40.05,BET,33,117
2025-01-15,-7.56,40.16,YFT,51,149
2025-01-15,-7.56,40.16,BET,40,134
2025-01-15,-7.43,40.17,YFT,33,138
2025-01-15,-7.43,40.17,BET,22,105
2025-01-15,-7.57,40.19,YFT,31,137
2025-01-15,-9.54,40.36,YFT,75,107
2025-01-15,-9.54,40.36,BET,25,107
2025-01-15,-8.21,40.05,YFT,40,142
2025-01-15,-8.21,40.05,BET,20,97
2025-01-15,-7.56,40.16,YFT,31,125
2025-01-15,-7.56,40.16,BET,21,98
2025-01-15,-7.43,40.17,YFT,25,108
2025-01-15,-7.15,40.18,YFT,31,138
2025-01-15,-8.21,40.05,YFT,62,160
2025-01-15,-8.21,40.05,BET,23,105
2025-01-15,-7.56,40.16,YFT,85,175
2025-01-15,-7.43,40.17,YFT,86,169
2025-01-15,-7.57,40.19,YFT,50,140
2025-01-15,-9.54,40.36,YFT,55,144
2025-01-15,-8.21,40.05,YFT,90,175
2025-01-15,-7.56,40.16,YFT,63,152
2025-01-15,-7.43,40.17,YFT,22,108
2025-01-15,-7.57,40.19,YFT,49,142
2025-01-15,-9.54,40.36,YFT,55,149
2025-01-15,-8.21,40.05,YFT,53,145
2025-01-15,-8.21,40.05,BET,66,158
2025-01-15,-7.56,40.16,YFT,46,138
2025-01-15,-7.56,40.16,BET,43,135
2025-01-15,-7.43,40.17,YFT,61,168
2025-01-15,-7.43,40.17,BET,32,121
2025-01-15,-7.57,40.19,YFT,59,152
2025-01-15,-7.57,40.19,BET,30,118
2025-01-15,-9.54,40.36,YFT,60,150
2025-01-15,-9.54,40.36,BET,42,134
2025-01-15,-8.21,40.05,YFT,37,127
2025-01-15,-8.21,40.05,BET,25,128
2025-01-15,-7.56,40.16,YFT,28,118
2025-01-15,-7.56,40.16,BET,59,152
2025-01-15,-7.43,40.17,YFT,31,125
2025-01-15,-7.43,40.17,BET,75,173
2025-01-15,-7.57,40.19,YFT,25,108
2025-01-15,-7.57,40.19,BET,37,130
2025-01-15,-9.54,40.36,YFT,31,138
2025-01-15,-9.54,40.36,BET,50,147
2025-01-15,-8.21,40.05,YFT,52,150
2025-01-15,-8.21,40.05,BET,42,133
2025-01-15,-7.56,40.16,YFT,23,115
2025-01-15,-7.56,40.16,BET,28,117
2025-01-15,-7.43,40.17,YFT,35,124
2025-01-15,-7.57,40.19,YFT,56,153
2025-01-15,-9.54,40.36,YFT,47,143
2025-01-15,-8.21,40.05,YFT,31,123
2025-01-15,-7.56,40.16,YFT,40,130
2025-01-15,-7.43,40.17,YFT,59,152
2025-01-15,-7.57,40.19,YFT,53,145
2025-01-15,-9.54,40.36,YFT,50,141
2025-01-15,-8.21,40.05,YFT,61,163
2025-01-15,-7.56,40.16,YFT,39,140
2025-01-15,-7.43,40.17,YFT,38,134
2025-01-15,-7.57,40.19,YFT,83,173
2025-01-15,-9.54,40.36,YFT,43,135
2025-02-15,-9.02,40.08,YFT,48,141
2025-02-15,-9.02,40.08,BET,56,152
2025-02-15,-8.52,40.07,YFT,64,153
2025-02-15,-8.52,40.07,BET,30,110
2025-02-15,-9.23,40.09,YFT,72,163
2025-02-15,-9.23,40.09,BET,20,98
2025-02-15,-9.06,40.27,YFT,53,148
2025-02-15,-9.06,40.27,BET,25,101
2025-02-15,-8.19,42.01,YFT,47,145
2025-02-15,-6.55,43.11,YFT,68,162
2025-02-15,-6.55,43.11,BET,25,105
2025-02-15,-9.02,40.08,YFT,60,166
2025-02-15,-9.02,40.08,BET,38,125
2025-02-15,-8.52,40.07,YFT,54,150
2025-02-15,-8.52,40.07,BET,25,103
2025-02-15,-9.23,40.09,YFT,61,155
2025-02-15,-9.23,40.09,BET,26,109
2025-02-15,-9.06,40.27,YFT,80,170
2025-02-15,-9.06,40.27,BET,24,103
2025-02-15,-8.19,42.01,YFT,49,145
2025-02-15,-8.19,42.01,BET,35,125
2025-02-15,-6.55,43.11,YFT,20,97
2025-02-15,-6.55,43.11,BET,34,125
2025-02-15,-6.55,43.11,YFT,55,151
2025-02-15,-6.55,43.11,BET,26,101
2025-02-15,-9.02,40.08,YFT,24,107
2025-02-15,-9.02,40.08,BET,38,128
2025-02-15,-8.52,40.07,YFT,75,169
2025-02-15,-9.23,40.09,YFT,37,134
2025-04-15,-6.48,43.06,YFT,58,158
2025-04-15,-6.48,43.06,BET,31,123
2025-04-15,-6.42,42.41,YFT,22,105
2025-04-15,-6.41,41.45,YFT,38,137
2025-04-15,-6.41,41.23,YFT,22,107
2025-04-15,-6.39,41.05,YFT,20,105
2025-04-15,-5.5,40.53,YFT,25,110
2025-04-15,-6.48,43.06,YFT,17,107
2025-04-15,-6.42,42.41,YFT,48,150
2025-04-15,-6.41,41.45,YFT,26,112
2025-04-15,-6.41,41.23,YFT,20,103
2025-04-15,-6.39,41.05,YFT,15,102
2025-04-15,-5.5,40.53,YFT,18,100
2025-04-15,-6.48,43.06,YFT,55,158
2025-04-15,-6.42,42.41,YFT,49,151
2025-04-15,-6.41,41.45,YFT,56,160
2025-04-15,-6.41,41.23,YFT,21,110
2025-04-15,-6.39,41.05,YFT,20,101
2025-04-15,-5.5,40.53,YFT,21,107
2025-04-15,-6.48,43.06,YFT,20,110
2025-04-15,-6.42,42.41,YFT,22,110
2025-04-15,-6.41,41.45,YFT,17,103
2025-04-15,-6.41,41.45,BET,71,157
2025-04-15,-6.41,41.23,YFT,41,132
2025-04-15,-6.39,41.05,YFT,22,111
2025-04-15,-5.5,40.53,YFT,55,161
2025-04-15,-6.48,43.06,YFT,32,125
2024-11-15,-9.1,41.05,YFT,36,138
2024-11-15,-9.1,41.05,BET,23,107
2024-11-15,-9.23,41.35,YFT,60,153
2024-11-15,-9.23,41.35,BET,23,107
2024-11-15,-9.25,41.45,YFT,32,136
2024-11-15,-9.25,41.45,BET,55,194
2024-11-15,-9.33,41.43,YFT,53,150
2024-11-15,-9.33,41.43,BET,38,135
2024-11-15,-9.4,41.5,YFT,51,143
2024-11-15,-9.4,41.5,BET,37,133
2024-11-15,-9.44,41.33,YFT,12,89
2024-11-15,-9.44,41.33,BET,65,160
2024-11-15,-9.45,41.33,YFT,33,134
2024-11-15,-9.45,41.33,BET,17,97
2024-11-15,-9.46,41.33,BET,22,104
2024-11-15,-9.46,41.33,BET,24,117
2024-11-15,-9.45,41.31,BET,25,130
2024-11-15,-9.48,41.35,YFT,38,138
2024-11-15,-9.48,41.35,BET,36,120
2024-11-15,-9.56,40.5,YFT,39,139
2024-11-15,-9.56,40.5,BET,30,116
2024-11-15,-9.4,40.2,YFT,38,140
2024-11-15,-9.4,40.2,BET,33,125
2024-11-15,-9.45,40.2,YFT,41,144
2024-11-15,-9.45,40.2,BET,60,149
2024-11-15,-9.44,41.33,YFT,37,142
2024-11-15,-9.44,41.33,BET,23,104
2024-11-15,-9.45,41.33,YFT,38,134
2024-11-15,-9.45,41.33,BET,23,110
2024-11-15,-9.46,41.33,YFT,48,160
2024-11-15,-9.46,41.33,BET,26,115
2024-11-15,-9.46,41.33,YFT,14,92
2024-11-15,-9.46,41.33,BET,129,37
2024-11-15,-9.45,41.31,YFT,43,137
2024-11-15,-9.45,41.31,BET,160,73
2024-11-15,-9.48,41.35,YFT,12,87
2024-11-15,-9.48,41.35,BET,107,23
2024-11-15,-9.56,40.5,YFT,66,160
2024-11-15,-9.56,40.5,BET,40,130
2024-11-15,-9.4,40.2,YFT,11,78
2024-11-15,-9.4,40.2,BET,44,133
2024-11-15,-9.45,40.2,YFT,33,134
2024-11-15,-9.45,40.2,BET,25,108
2024-11-15,-9.1,41.05,YFT,31,134
2024-11-15,-9.1,41.05,BET,23,99
2024-11-15,-9.23,41.35,YFT,39,136
2024-11-15,-9.23,41.35,BET,52,138
2024-11-15,-9.25,41.45,YFT,47,144
2024-11-15,-9.25,41.45,BET,54,138
2024-11-15,-9.33,41.43,YFT,52,145
2024-11-15,-9.33,41.43,BET,23,105
2024-11-15,-9.4,41.5,YFT,15,95
2024-11-15,-9.4,41.5,BET,36,135
2024-11-15,-9.44,41.33,YFT,63,154
2024-11-15,-9.44,41.33,BET,69,157
2024-11-15,-9.45,41.33,YFT,52,143
2024-11-15,-9.45,41.33,BET,44,140
2024-11-15,-9.46,41.33,YFT,75,163
2024-11-15,-9.46,41.33,BET,28,119
2024-11-15,-9.46,41.33,YFT,38,134
2024-11-15,-9.46,41.33,BET,26,113
2024-11-15,-9.45,41.31,YFT,51,150
2024-11-15,-9.45,41.31,BET,25,115
2024-11-15,-9.48,41.35,YFT,43,157
2024-11-15,-9.48,41.35,BET,33,123
2024-11-15,-9.56,40.5,YFT,12,89
2024-11-15,-9.56,40.5,BET,68,150
2024-11-15,-9.4,40.2,YFT,12,90
2024-11-15,-9.4,40.2,BET,24,115
2024-11-15,-9.45,40.2,YFT,42,139
2024-11-15,-9.45,40.2,BET,28,117
2024-11-15,-9.44,41.33,YFT,36,133
2024-11-15,-9.44,41.33,BET,42,130
2024-11-15,-9.45,41.33,YFT,73,174
2024-11-15,-9.45,41.33,BET,36,121
2024-11-15,-9.46,41.33,YFT,36,130
2024-11-15,-9.46,41.33,BET,36,122
2024-11-15,-9.46,41.33,YFT,38,136
2024-11-15,-9.46,41.33,BET,38,128
2024-11-15,-9.45,41.31,YFT,46,142
2024-11-15,-9.45,41.31,BET,38,129
2024-11-15,-9.48,41.35,YFT,38,132
2024-11-15,-9.48,41.35,BET,70,163
2024-11-15,-9.56,40.5,YFT,40,130
2024-11-15,-9.56,40.5,BET,65,160
2024-11-15,-9.4,40.2,YFT,48,142
2024-11-15,-9.4,40.2,BET,88,173
2024-11-15,-9.45,40.2,YFT,36,133
2024-11-15,-9.45,40.2,BET,27,114
2024-11-15,-9.44,41.33,YFT,46,140
2024-11-15,-9.44,41.33,BET,43,132
2024-11-15,-9.45,41.33,YFT,47,141
2024-11-15,-9.45,41.33,BET,40,132
2024-11-15,-9.46,41.33,YFT,33,130
2024-11-15,-9.46,41.33,BET,44,136
2024-11-15,-9.46,41.33,YFT,80,175
2024-11-15,-9.46,41.33,BET,58,147
2024-11-15,-9.45,41.31,YFT,61,150
2024-11-15,-9.45,41.31,BET,92,182
2024-11-15,-9.48,41.35,BET,57,145
2024-11-15,-9.56,40.5,BET,67,156
2024-11-15,-9.4,40.2,BET,23,105
2024-11-15,-9.45,40.2,BET,52,137
2024-11-15,-9.44,41.33,YFT,54,152
2024-11-15,-9.44,41.33,BET,86,177
2024-11-15,-9.45,41.33,YFT,28,117
2024-11-15,-9.45,41.33,BET,36,134
2024-11-15,-9.46,41.33,YFT,56,154
2024-11-15,-9.46,41.33,BET,22,108
2024-11-15,-9.46,41.33,YFT,57,156
2024-11-15,-9.46,41.33,BET,82,164
2024-11-15,-9.45,41.31,YFT,54,153
2024-11-15,-9.45,41.31,BET,26,132
2024-11-15,-9.48,41.35,YFT,48,142
2024-11-15,-9.48,41.35,BET,36,128
2024-11-15,-9.56,40.5,YFT,50,146
2024-11-15,-9.56,40.5,BET,31,122
2024-11-15,-9.4,40.2,YFT,63,161
2024-11-15,-9.4,40.2,BET,25,106
2024-11-15,-9.45,40.2,YFT,51,150
2024-11-15,-9.45,40.2,BET,36,127
2024-11-15,-9.38,40.22,YFT,62,162
2024-11-15,-9.38,40.22,BET,40,134
2024-11-15,-9.4,40.22,YFT,43,143
2024-11-15,-9.4,40.22,BET,40,134
2024-11-15,-9.4,40.22,YFT,80,179
2024-11-15,-9.4,40.22,BET,76,160
2024-11-15,-9.41,40.22,YFT,28,124
2024-11-15,-9.41,40.22,BET,24,109
2024-11-15,-9.4,40.21,YFT,79,179
2024-11-15,-9.4,40.21,BET,33,123
2024-11-15,-9.1,41.1,YFT,64,157
2024-11-15,-9.1,41.1,BET,36,128
2024-11-15,-9.45,40.23,YFT,38,138
2024-11-15,-9.45,40.23,BET,28,119
2024-11-15,-9.38,40.22,YFT,27,108
2024-11-15,-9.38,40.22,BET,27,113
2024-11-15,-9.4,40.22,YFT,57,152
2024-11-15,-9.4,40.22,BET,36,122
2024-11-15,-9.4,40.22,YFT,83,172
2024-11-15,-9.4,40.22,BET,56,156
2024-11-15,-9.41,40.22,YFT,43,136
2024-11-15,-9.41,40.22,BET,28,120
2024-11-15,-9.4,40.21,YFT,13,88
2024-11-15,-9.4,40.21,BET,34,128
2024-11-15,-9.1,41.1,YFT,62,155
2024-11-15,-9.1,41.1,BET,23,107
2024-11-15,-9.45,40.23,YFT,56,153
2024-11-15,-9.45,40.23,BET,24,110
2024-11-15,-9.38,40.22,YFT,34,130
2024-11-15,-9.38,40.22,BET,32,123
2024-11-15,-9.4,40.22,YFT,28,120
2024-11-15,-9.4,40.22,BET,28,113
2024-11-15,-9.4,40.22,YFT,51,150
2024-11-15,-9.4,40.22,BET,23,107
2024-11-15,-9.41,40.22,YFT,41,140
2024-11-15,-9.41,40.22,BET,25,110
2024-11-15,-9.4,40.21,YFT,76,171
2024-11-15,-9.4,40.21,BET,42,136
2024-11-15,-9.1,41.1,YFT,54,150
2024-11-15,-9.1,41.1,BET,42,138
2024-11-15,-9.1,41.1,YFT,45,146
2024-11-15,-9.1,41.1,BET,24,107
2024-11-15,-9.45,40.23,YFT,62,162
2024-11-15,-9.45,40.23,BET,24,115
2024-11-15,-9.38,40.22,YFT,76,176
2024-11-15,-9.38,40.22,BET,52,140
2024-11-15,-9.4,40.22,YFT,41,133
2024-11-15,-9.4,40.22,BET,26,115
2024-11-15,-9.4,40.22,YFT,33,130
2024-11-15,-9.4,40.22,BET,26,114
2024-11-15,-9.41,40.22,YFT,53,148
2024-11-15,-9.41,40.22,BET,43,129
2024-11-15,-9.4,40.21,YFT,59,152
2024-11-15,-9.4,40.21,BET,30,123
2024-11-15,-9.1,41.1,YFT,84,177
2024-11-15,-9.1,41.1,BET,34,134
2024-11-15,-9.1,41.1,YFT,15,93
2024-11-15,-9.1,41.1,BET,97,178
2024-11-15,-9.45,40.23,YFT,74,170
2024-11-15,-9.45,40.23,BET,37,125
2024-11-15,-9.38,40.22,YFT,53,140
2024-11-15,-9.38,40.22,BET,22,121
2024-11-15,-9.4,40.22,YFT,13,92
2024-11-15,-9.4,40.22,BET,25,120
2024-11-15,-9.4,40.22,YFT,76,172
2024-11-15,-9.4,40.22,BET,24,108
2024-11-15,-9.41,40.22,YFT,50,147
2024-11-15,-9.41,40.22,BET,35,132
2024-11-15,-9.4,40.21,YFT,54,151
2024-11-15,-9.4,40.21,BET,40,135
2024-11-15,-9.1,41.1,YFT,47,143
2024-11-15,-9.1,41.1,BET,25,120
2024-11-15,-9.45,40.23,YFT,25,121
2024-11-15,-9.45,40.23,BET,24,108
2024-11-15,-9.38,40.22,YFT,36,130
2024-11-15,-9.38,40.22,BET,24,110
2024-11-15,-9.4,40.22,YFT,32,8
2024-11-15,-9.4,40.22,BET,63,150
2024-11-15,-9.4,40.22,YFT,55,148
2024-11-15,-9.4,40.22,BET,50,138
2024-11-15,-9.41,40.22,BET,39,127
2024-12-15,-9.4,40.21,YFT,13,90
2024-12-15,-9.4,40.21,BET,33,128
2024-12-15,-5.3,42.54,YFT,12,91
2024-12-15,-5.3,42.54,BET,50,144
2024-12-15,-5.35,42.25,YFT,34,125
2024-12-15,-5.35,42.25,BET,47,137
2024-12-15,-5.38,42,YFT,25,112
2024-12-15,-5.38,42,BET,36,129
2024-12-15,-5.3,41.38,YFT,79,175
2024-12-15,-5.3,41.38,BET,33,118
2024-12-15,-5.07,41.2,YFT,12,88
2024-12-15,-5.07,41.2,BET,33,118
2024-12-15,-7.02,40.58,YFT,13,90
2024-12-15,-7.02,40.58,BET,36,129
2024-12-15,-5.3,42.54,YFT,13,91
2024-12-15,-5.3,42.54,BET,47,136
2024-12-15,-5.35,42.25,YFT,12,89
2024-12-15,-5.35,42.25,BET,32,117
2024-12-15,-5.38,42,YFT,13,89
2024-12-15,-5.38,42,BET,59,148
2024-12-15,-5.3,41.38,YFT,28,128
2024-12-15,-5.3,41.38,BET,43,130
2024-12-15,-5.07,41.2,YFT,36,134
2024-12-15,-5.07,41.2,BET,53,143
2024-12-15,-7.02,40.58,YFT,47,141
2024-12-15,-7.02,40.58,BET,32,117
2024-12-15,-5.3,42.54,YFT,12,88
2024-12-15,-5.3,42.54,BET,59,149
2024-12-15,-5.35,42.25,YFT,108,20
2024-12-15,-5.35,42.25,BET,47,136
2024-12-15,-5.38,42,YFT,13,91
2024-12-15,-5.38,42,BET,42,130
2024-12-15,-5.3,41.38,YFT,36,136
2024-12-15,-5.3,41.38,BET,60,148
2024-12-15,-5.07,41.2,YFT,13,90
2024-12-15,-5.07,41.2,BET,36,129
2024-12-15,-7.02,40.58,YFT,27,124
2024-12-15,-7.02,40.58,BET,32,118
2024-12-15,-5.35,42.25,YFT,12,90
2024-12-15,-5.35,42.25,BET,26,26
2024-12-15,-5.38,42,YFT,14,92
2024-12-15,-5.38,42,BET,31,122
2024-12-15,-5.3,41.38,YFT,12,89
2024-12-15,-5.3,41.38,BET,29,117
2024-12-15,-5.07,41.2,YFT,14,91
2024-12-15,-5.07,41.2,BET,32,121
2024-12-15,-9,40.14,YFT,24,123
2024-12-15,-9,40.14,BET,38,131
2024-12-15,-9,40.1,YFT,13,90
2024-12-15,-9,40.1,BET,64,152
2024-12-15,-9.03,40.1,YFT,13,90
2024-12-15,-9.03,40.1,BET,30,118
2024-12-15,-9.03,40.08,YFT,27,124
2024-12-15,-9.03,40.08,BET,66,155
2024-12-15,-9.03,40.08,YFT,26,123
2024-12-15,-9.03,40.08,BET,60,151
2024-12-15,-9.03,40.08,YFT,31,130
2024-12-15,-9.03,40.08,BET,35,125
2024-12-15,-9.03,40.07,YFT,24,123
2024-12-15,-9,40.14,YFT,13,91
2024-12-15,-9,40.14,BET,58,157
2024-12-15,-9,40.1,YFT,12,89
2024-12-15,-9,40.1,BET,22,110
2024-12-15,-9.03,40.1,YFT,15,91
2024-12-15,-9.03,40.1,BET,47,130
2024-12-15,-9.03,40.08,YFT,12,85
2024-12-15,-9.03,40.08,BET,18,108
2024-12-15,-9.03,40.08,YFT,14,92
2024-12-15,-9.03,40.08,BET,22,110
2024-12-15,-9.03,40.08,YFT,28,124
2024-12-15,-9.03,40.08,BET,26,112
2024-12-15,-9.03,40.07,YFT,25,121
2024-12-15,-9.03,40.07,BET,35,124
2024-12-15,-9.03,40.1,YFT,27,120
2024-12-15,-9.03,40.1,BET,29,120
2024-12-15,-9.03,40.08,YFT,40,137
2024-12-15,-9.03,40.08,BET,35,125
2024-12-15,-9.03,40.08,YFT,80,176
2024-12-15,-9.03,40.08,BET,23,110
2024-12-15,-9.03,40.08,YFT,45,138
2024-12-15,-9.03,40.08,BET,38,131
2024-12-15,-9.03,40.07,YFT,49,143
2024-12-15,-9.03,40.07,BET,76,160
2024-12-15,-9,40.14,YFT,57,153
2024-12-15,-9,40.14,BET,24,111
2024-12-15,-9,40.1,YFT,12,89
2024-12-15,-9,40.1,BET,39,132
2024-12-15,-9.03,40.1,YFT,12,90
2024-12-15,-9.03,40.1,BET,41,135
2024-12-15,-9.03,40.08,YFT,13,91
2024-12-15,-9.03,40.08,BET,25,112
2024-12-15,-9.03,40.08,YFT,13,90
2024-12-15,-9.03,40.08,BET,41,135
2024-12-15,-9.03,40.08,YFT,28,124
2024-12-15,-9.03,40.08,BET,38,131
2024-12-15,-9.03,40.07,YFT,30,128
2024-12-15,-9.03,40.07,BET,26,114
2024-12-15,-9.03,40.1,YFT,37,137
2024-12-15,-9.03,40.1,BET,38,130
2024-12-15,-9.03,40.08,YFT,15,93
2024-12-15,-9.03,40.08,BET,40,134
2024-12-15,-9.03,40.08,YFT,37,137
2024-12-15,-9.03,40.08,BET,58,157
2024-12-15,-9.03,40.08,YFT,53,147
2024-12-15,-9.03,40.08,BET,54,143
2024-12-15,-9.03,40.07,YFT,56,152
2024-12-15,-9.03,40.07,BET,48,137
2024-12-15,-9,40.14,YFT,12,89
2024-12-15,-9,40.14,BET,47,136
2024-12-15,-9,40.1,YFT,12,88
2024-12-15,-9,40.1,BET,24,112
2024-12-15,-9.03,40.1,YFT,13,90
2024-12-15,-9.03,40.1,BET,37,131
2024-12-15,-9.03,40.08,YFT,12,89
2024-12-15,-9.03,40.08,BET,47,138
2024-12-15,-9.03,40.08,YFT,35,135
2024-12-15,-9.03,40.08,BET,40,133
2024-12-15,-9.03,40.08,YFT,12,89
2024-12-15,-9.03,40.08,BET,31,120
2024-12-15,-9.03,40.07,YFT,12,90
2024-12-15,-9.03,40.07,BET,56,155
2024-12-15,-9.3,40.33,YFT,28,123
2024-12-15,-9.3,40.33,BET,23,110
2024-12-15,-9.47,40.29,YFT,13,90
2024-12-15,-9.47,40.29,BET,28,120
2024-12-15,-9.2,40.09,YFT,50,147
2024-12-15,-9.2,40.09,BET,23,110
2024-12-15,-8.2,40.23,YFT,53,149
2024-12-15,-8.2,40.23,BET,19,122
2024-12-15,-8.58,40.05,YFT,38,138
2024-12-15,-8.58,40.05,BET,43,136
2024-12-15,-9,40.3,YFT,40,140
2024-12-15,-9,40.3,BET,27,118
2024-12-15,-9.1,40.08,YFT,12,90
2024-12-15,-9.1,40.08,BET,37,131
2024-12-15,-9.3,40.33,YFT,33,132
2024-12-15,-9.3,40.33,BET,63,153
2024-12-15,-9.47,40.29,YFT,46,139
2024-12-15,-9.47,40.29,BET,25,112
2024-12-15,-9.2,40.09,YFT,13,91
2024-12-15,-9.2,40.09,BET,29,125
2024-12-15,-8.2,40.23,YFT,12,91
2024-12-15,-8.2,40.23,BET,46,146
2024-12-15,-8.58,40.05,YFT,14,94
2024-12-15,-8.58,40.05,BET,28,118
2024-12-15,-9,40.3,YFT,12,90
2024-12-15,-9,40.3,BET,20,96
2024-12-15,-9.1,40.08,YFT,13,90
2024-12-15,-9.1,40.08,BET,46,145
2024-12-15,-9.3,40.33,YFT,32,128
2024-12-15,-9.3,40.33,BET,64,156
2024-12-15,-9.47,40.29,YFT,46,139
2024-12-15,-9.47,40.29,BET,61,155
2024-12-15,-9.2,40.09,YFT,14,96
2024-12-15,-9.2,40.09,BET,37,131
2024-12-15,-8.2,40.23,YFT,12,86
2024-12-15,-8.2,40.23,BET,51,141
2024-12-15,-8.58,40.05,YFT,47,144
2024-12-15,-8.58,40.05,BET,25,113
2024-12-15,-9,40.3,YFT,12,90
2024-12-15,-9,40.3,BET,45,138
2024-12-15,-9.1,40.08,YFT,59,188
2024-12-15,-9.1,40.08,BET,55,150
2024-12-15,-9.3,40.33,YFT,43,138
2024-12-15,-9.3,40.33,BET,56,153
2024-12-15,-9.47,40.29,YFT,13,92
2024-12-15,-9.47,40.29,BET,65,161
2024-12-15,-9.2,40.09,YFT,39,130
2024-12-15,-9.2,40.09,BET,25,114
2024-12-15,-8.2,40.23,YFT,14,92
2024-12-15,-8.2,40.23,BET,26,114
2024-12-15,-6.5,40.35,YFT,12,89
2024-12-15,-6.5,40.35,BET,32,119
2024-12-15,-5.5,41.1,YFT,13,90
2024-12-15,-5.5,41.1,BET,27,114
2024-12-15,-8.05,40.58,YFT,12,89
2024-12-15,-8.05,40.58,BET,40,133
2024-12-15,-8.3,40.15,YFT,13,90
2024-12-15,-8.3,40.15,BET,57,153
2024-12-15,-8.4,40.05,YFT,12,89
2024-12-15,-8.4,40.05,BET,88,173
2024-12-15,-8.33,40.05,YFT,14,92
2024-12-15,-8.33,40.05,BET,38,129
2024-12-15,-8.53,40.05,YFT,13,90
2024-12-15,-8.53,40.05,BET,37,127
2024-12-15,-6.5,40.35,YFT,13,90
2024-12-15,-6.5,40.35,BET,25,113
2024-12-15,-5.5,41.1,YFT,14,93
2024-12-15,-5.5,41.1,BET,26,114
2024-12-15,-8.05,40.58,YFT,12,89
2024-12-15,-8.05,40.58,BET,37,127
2024-12-15,-8.3,40.15,YFT,13,90
2024-12-15,-8.3,40.15,BET,43,135
2024-12-15,-8.4,40.05,YFT,14,92
2024-12-15,-8.33,40.05,YFT,13,90
2024-12-15,-8.53,40.05,YFT,13,90
2024-12-15,-6.5,40.35,YFT,17,101
2024-12-15,-6.5,40.35,BET,60,155
2024-12-15,-5.5,41.1,YFT,48,140
2024-12-15,-5.5,41.1,BET,36,125
2024-12-15,-8.05,40.58,YFT,44,135
2024-12-15,-8.05,40.58,BET,37,122
2024-12-15,-8.3,40.15,YFT,40,132
2024-12-15,-8.3,40.15,BET,25,116
2024-12-15,-8.4,40.05,YFT,38,131
2024-12-15,-8.4,40.05,BET,26,115
2024-12-15,-8.33,40.05,YFT,15,96
2024-12-15,-8.33,40.05,BET,24,105
2024-12-15,-8.53,40.05,YFT,13,91
2024-12-15,-8.53,40.05,BET,31,117
2024-12-15,-6.5,40.35,YFT,58,158
2024-12-15,-6.5,40.35,BET,32,119
2024-12-15,-5.5,41.1,YFT,52,145
2024-12-15,-5.5,41.1,BET,47,146
2024-12-15,-8.05,40.58,YFT,50,144
2024-12-15,-8.05,40.58,BET,46,146
2024-12-15,-8.3,40.15,YFT,13,90
2024-12-15,-8.3,40.15,BET,24,110
2024-12-15,-8.4,40.05,YFT,38,129
2024-12-15,-8.33,40.05,YFT,13,91
2024-12-15,-8.53,40.05,YFT,40,131
2024-12-15,-6.5,40.35,YFT,25,119
2024-12-15,-5.5,41.1,YFT,30,126
2024-12-15,-5.5,41.1,BET,26,116
2024-12-15,-8.05,40.58,YFT,32,128
2024-12-15,-8.05,40.58,BET,27,118
2024-12-15,-8.3,40.15,YFT,14,100
2024-12-15,-8.3,40.15,BET,33,121
2024-12-15,-8.4,40.05,YFT,46,143
2024-12-15,-8.4,40.05,BET,31,120
2024-12-15,-8.33,40.05,YFT,35,134
2024-12-15,-8.53,40.05,YFT,13,91
2024-12-15,-8.53,40.05,BET,25,105
2024-12-15,-6.5,40.35,YFT,12,90
2024-12-15,-6.5,40.35,BET,46,145
2024-12-15,-5.5,41.1,YFT,20,113
2024-12-15,-5.5,41.1,BET,24,105
2024-12-15,-8.05,40.58,YFT,22,115
2024-12-15,-8.05,40.58,BET,29,116
2024-12-15,-8.3,40.15,YFT,20,113
2024-12-15,-8.3,40.15,BET,25,106
2024-12-15,-8.4,40.05,YFT,13,91
2024-12-15,-8.4,40.05,BET,52,142
2024-12-15,-8.33,40.05,YFT,25,118
2024-12-15,-8.33,40.05,BET,35,125
2024-12-15,-8.53,40.05,YFT,23,116
2024-12-15,-8.53,40.05,BET,26,118
2024-12-15,-8.4,40.03,YFT,27,121
2024-12-15,-8.4,40.03,BET,19,96
2024-12-15,-8.58,40.07,YFT,37,135
2024-12-15,-8.58,40.07,BET,24,107
2024-12-15,-9.35,40.3,YFT,14,92
2024-12-15,-9.35,40.3,BET,41,134
2024-12-15,-9.35,40.41,YFT,41,130
2024-12-15,-9.35,40.41,BET,39,132
2025-01-15,-9.41,40.3,YFT,46,143
2025-01-15,-9.25,40.19,YFT,76,173
2025-01-15,-9.36,40.24,YFT,30,125
2025-01-15,-8.58,40.07,YFT,17,97
2025-01-15,-8.58,40.07,BET,39,132
2025-01-15,-9.35,40.3,YFT,58,157
2025-01-15,-9.35,40.3,BET,47,145
2025-01-15,-9.35,40.41,YFT,55,150
2025-01-15,-9.35,40.41,BET,43,135
2025-01-15,-9.41,40.3,YFT,52,145
2025-01-15,-9.41,40.3,BET,25,108
2025-01-15,-9.25,40.19,YFT,42,131
2025-01-15,-9.36,40.24,YFT,14,92
2025-01-15,-9.36,40.24,BET,22,108
2025-01-15,-8.58,40.07,YFT,46,143
2025-01-15,-8.58,40.07,BET,46,139
2025-01-15,-9.35,40.3,YFT,52,145
2025-01-15,-9.35,40.3,BET,120,186
2025-01-15,-9.35,40.41,YFT,63,161
2025-01-15,-9.41,40.3,YFT,14,92
2025-01-15,-9.25,40.19,YFT,45,148
2025-01-15,-9.25,40.19,BET,36,120
2025-01-15,-9.36,40.24,YFT,36,136
2025-01-15,-9.36,40.24,BET,96,176
2025-01-15,-8.58,40.07,YFT,15,97
2025-01-15,-8.58,40.07,BET,48,145
2025-01-15,-9.35,40.3,YFT,46,142
2025-01-15,-9.35,40.3,BET,51,148
2025-01-15,-9.35,40.41,YFT,52,146
2025-01-15,-9.41,40.3,YFT,68,161
2025-01-15,-9.41,40.3,BET,116,187
2025-01-15,-9.25,40.19,YFT,30,127
2025-01-15,-9.25,40.19,BET,24,106
2025-01-15,-9.36,40.24,YFT,14,94
2025-01-15,-9.36,40.24,BET,69,165
2025-01-15,-9.41,40.3,YFT,13,93
2025-01-15,-9.25,40.19,YFT,51,147
2025-01-15,-9.38,40.3,YFT,31,127
2025-01-15,-9.38,40.3,BET,81,171
2025-01-15,-9.19,40.24,YFT,47,146
2025-01-15,-9.19,40.24,BET,57,159
2025-01-15,-9.22,40.17,YFT,36,130
2025-01-15,-9.22,40.17,BET,28,117
2025-01-15,-9.01,40.13,YFT,40,132
2025-01-15,-9.01,40.13,BET,68,163
2025-01-15,-9.01,40.09,YFT,45,148
2025-01-15,-9.01,40.09,BET,50,140
2025-01-15,-9,40.06,YFT,14,95
2025-01-15,-9,40.06,BET,27,117
2025-01-15,-8.55,40.09,YFT,25,123
2025-01-15,-8.55,40.09,BET,19,96
2025-01-15,-9.38,40.3,YFT,64,154
2025-01-15,-9.38,40.3,BET,51,141
2025-01-15,-9.19,40.24,YFT,69,162
2025-01-15,-9.22,40.17,YFT,38,128
2025-01-15,-9.01,40.13,YFT,14,95
2025-01-15,-9.01,40.13,BET,40,132
2025-01-15,-9.01,40.09,YFT,13,93
2025-01-15,-9.01,40.09,BET,65,158
2025-01-15,-9,40.06,YFT,15,95
2025-01-15,-9,40.06,BET,37,130
2025-01-15,-8.55,40.09,YFT,37,127
2025-01-15,-9.38,40.3,YFT,14,95
2025-01-15,-9.19,40.24,YFT,14,93
2025-01-15,-9.19,40.24,BET,35,122
2025-01-15,-9.22,40.17,YFT,15,95
2025-01-15,-9.22,40.17,BET,26,115
2025-01-15,-9.01,40.13,YFT,12,90
2025-01-15,-9.01,40.13,BET,28,118
2025-01-15,-9.01,40.09,YFT,37,127
2025-01-15,-9.01,40.09,BET,40,133
2025-01-15,-9,40.06,YFT,40,131
2025-01-15,-9,40.06,BET,35,123
2025-01-15,-8.55,40.09,YFT,76,174
2025-01-15,-8.55,40.09,BET,42,135
2025-01-15,-9.38,40.3,YFT,34,134
2025-01-15,-9.38,40.3,BET,42,135
2025-01-15,-9.19,40.24,YFT,18,97
2025-01-15,-9.19,40.24,BET,35,121
2025-01-15,-9.22,40.17,YFT,35,134
2025-01-15,-9.22,40.17,BET,41,124
2025-01-15,-9.01,40.13,YFT,36,134
2025-01-15,-9.01,40.09,YFT,67,160
2025-01-15,-9.01,40.09,BET,20,104
2025-01-15,-9,40.06,YFT,36,133
2025-01-15,-9,40.06,BET,37,133
2025-01-15,-8.55,40.09,YFT,14,94
2025-01-15,-8.55,40.09,BET,34,124
2025-01-15,-9.38,40.3,YFT,14,94
2025-01-15,-9.38,40.3,BET,50,146
2025-01-15,-9.19,40.24,YFT,47,146
2025-01-15,-9.19,40.24,BET,36,125
2025-01-15,-9.22,40.17,YFT,14,96
2025-01-15,-9.22,40.17,BET,70,155
2025-01-15,-9.01,40.13,YFT,14,95
2025-01-15,-9.01,40.13,BET,31,125
2025-01-15,-9.01,40.09,YFT,14,95
2025-01-15,-9.01,40.09,BET,24,104
2025-01-15,-9,40.06,YFT,12,91
2025-01-15,-9,40.06,BET,31,148
2025-01-15,-8.55,40.09,YFT,12,91
2025-01-15,-8.55,40.09,BET,36,130
2025-01-15,-9.38,40.3,YFT,49,151
2025-01-15,-9.19,40.24,YFT,44,138
2025-01-15,-9.22,40.17,YFT,12,90
2025-01-15,-9.01,40.13,YFT,28,123
2025-01-15,-9.01,40.09,YFT,20,113
2025-01-15,-9,40.06,YFT,14,94
2025-01-15,-9,40.06,BET,45,134
2025-01-15,-8.55,40.09,YFT,12,92
2025-01-15,-8.55,40.09,BET,56,157
2025-01-15,-9.38,40.3,YFT,36,133
2025-01-15,-9.19,40.24,YFT,21,115
2025-01-15,-9.22,40.17,YFT,62,153
2025-01-15,-9.01,40.13,YFT,12,92
2025-01-15,-9.01,40.13,BET,42,141
2025-01-15,-9.01,40.09,YFT,17,95
2025-01-15,-9.01,40.09,BET,20,106
2025-01-15,-9,40.06,YFT,13,93
2025-01-15,-9,40.06,BET,67,165
2025-01-15,-8.55,40.09,YFT,55,156
2025-01-15,-8.55,40.09,BET,46,138
2025-01-15,-9,40.05,YFT,25,123
2025-01-15,-9,40.05,BET,60,161
2025-01-15,-9.01,40.17,YFT,41,132
2025-01-15,-9.01,40.17,BET,45,134
2025-01-15,-8.23,40.09,YFT,12,91
2025-01-15,-8.23,40.09,BET,21,108
2025-01-15,-7.51,40.19,YFT,18,97
2025-01-15,-7.51,40.19,BET,46,136
2025-01-15,-7.36,40.2,YFT,53,145
2025-01-15,-7.17,40.19,YFT,47,146
2025-01-15,-7.27,40.2,YFT,12,92
2025-01-15,-7.27,40.2,BET,21,105
2025-01-15,-9,40.05,YFT,14,97
2025-01-15,-9,40.05,BET,51,146
2025-01-15,-9.01,40.17,YFT,25,117
2025-01-15,-8.23,40.09,YFT,60,151
2025-01-15,-7.51,40.19,YFT,45,134
2025-01-15,-7.36,40.2,YFT,12,91
2025-01-15,-7.17,40.19,YFT,80,186
2025-01-15,-7.27,40.2,YFT,20,107
2025-01-15,-9,40.05,YFT,58,159
2025-01-15,-9.01,40.17,YFT,20,106
2025-01-15,-8.23,40.09,YFT,12,90
2025-01-15,-8.23,40.09,BET,35,128
2025-01-15,-7.51,40.19,YFT,59,162
2025-01-15,-7.36,40.2,YFT,24,121
2025-01-15,-7.17,40.19,YFT,47,146
2025-01-15,-7.27,40.2,YFT,62,163
2025-01-15,-9,40.05,YFT,12,90
2025-01-15,-9,40.05,BET,65,172
2025-01-15,-9.01,40.17,YFT,19,109
2025-01-15,-8.23,40.09,YFT,44,149
2025-01-15,-7.51,40.19,YFT,31,130
2025-01-15,-7.36,40.2,YFT,33,132
2025-01-15,-7.17,40.19,YFT,30,129
2025-01-15,-7.17,40.19,BET,40,132
2025-01-15,-7.27,40.2,YFT,46,146
2025-01-15,-7.24,40.2,YFT,40,131
2025-01-15,-6.58,40.2,YFT,23,110
2025-01-15,-6.54,40.19,YFT,12,90
2025-01-15,-6.52,40.19,YFT,36,133
2025-01-15,-6.42,40.19,YFT,33,132
2025-01-15,-7.24,40.2,YFT,40,134
2025-01-15,-6.58,40.2,YFT,59,162
2025-01-15,-6.54,40.19,YFT,60,163
2025-01-15,-6.52,40.19,YFT,12,91
2025-01-15,-6.42,40.19,YFT,13,93
2025-01-15,-7.24,40.2,YFT,21,108
2025-01-15,-6.58,40.2,YFT,29,125
2025-01-15,-6.54,40.19,YFT,49,148
2025-01-15,-6.52,40.19,YFT,51,148
2025-01-15,-6.42,40.19,YFT,35,132
2025-01-15,-7.24,40.2,YFT,82,186
2025-01-15,-6.58,40.2,YFT,52,156
2025-01-15,-6.54,40.19,YFT,27,126
2025-01-15,-6.52,40.19,YFT,49,148
2025-01-15,-6.42,40.19,YFT,46,146
2025-01-15,-7.24,40.2,YFT,42,133
2025-01-15,-6.58,40.2,YFT,72,160
2025-01-15,-6.54,40.19,YFT,65,158
2025-01-15,-6.52,40.19,YFT,12,90
2025-01-15,-6.52,40.19,BET,34,123
2025-01-15,-6.42,40.19,YFT,81,180
2025-01-15,-6.4,40.19,YFT,59,162
2025-01-15,-6.41,40.2,YFT,52,151
2025-01-15,-6.26,40.16,YFT,42,133
2025-02-15,-6.13,40.19,YFT,12,91
2025-02-15,-6.13,40.19,BET,18,98
2025-02-15,-6.2,40.14,YFT,15,93
2025-02-15,-6.1,41.2,YFT,39,135
2025-02-15,-6.06,42.08,YFT,66,159
2025-02-15,-6.4,40.19,YFT,58,155
2025-02-15,-6.41,40.2,YFT,37,133
2025-02-15,-6.41,40.2,BET,75,162
2025-02-15,-6.26,40.16,YFT,12,98
2025-02-15,-6.13,40.19,YFT,40,134
2025-02-15,-6.2,40.14,YFT,24,112
2025-02-15,-6.1,41.2,YFT,73,164
2025-02-15,-6.06,42.08,YFT,23,110
2025-02-15,-6.06,42.08,BET,43,136
2025-02-15,-6.4,40.19,YFT,21,108
2025-02-15,-6.41,40.2,YFT,43,144
2025-02-15,-6.26,40.16,YFT,14,94
2025-02-15,-6.13,40.19,YFT,59,156
2025-02-15,-6.2,40.14,YFT,53,156
2025-02-15,-6.2,40.14,BET,56,145
2025-02-15,-6.1,41.2,YFT,66,159
2025-02-15,-6.06,42.08,YFT,32,131
2025-02-15,-6.4,40.19,YFT,90,185
2025-02-15,-6.41,40.2,YFT,56,156
2025-02-15,-6.26,40.16,YFT,47,146
2025-02-15,-6.13,40.19,YFT,58,160
2025-02-15,-6.2,40.14,YFT,26,119
2025-02-15,-6.1,41.2,YFT,47,147
2025-02-15,-6.06,42.08,YFT,45,143
2025-02-15,-6.4,40.19,YFT,30,128
2025-02-15,-6.4,40.19,BET,44,136
2025-02-15,-6.41,40.2,YFT,40,139
2025-02-15,-6.41,40.2,BET,74,160
2025-02-15,-6.26,40.16,YFT,46,147
2025-02-15,-6.26,40.16,BET,48,138
2025-02-15,-6.13,40.19,YFT,43,144
2025-02-15,-6.13,40.19,BET,47,140
2025-02-15,-6.2,40.14,YFT,47,146
2025-02-15,-6.2,40.14,BET,75,170
2025-02-15,-6.1,41.2,YFT,37,138
2025-02-15,-6.1,41.2,BET,47,140
2025-02-15,-6.06,42.08,YFT,27,132
2025-02-15,-6.06,42.08,BET,36,124
2025-02-15,-6.07,42.02,YFT,26,121
2025-02-15,-6.07,42.02,BET,75,162
2025-02-15,-6.26,42.17,YFT,16,105
2025-02-15,-6.26,42.17,BET,70,156
2025-02-15,-6.05,42.45,BET,43,136
2025-02-15,-6.07,42.02,YFT,44,142
2025-02-15,-6.07,42.02,BET,85,170
2025-02-15,-6.26,42.17,BET,71,155
2025-02-15,-6.05,42.45,BET,58,145
2025-02-15,-6.07,42.02,BET,31,124
2025-02-15,-6.26,42.17,BET,32,125
2025-02-15,-6.05,42.45,BET,48,138
2025-02-15,-6.26,42.17,BET,46,138
2025-02-15,-6.05,42.45,BET,36,130
2025-04-15,-6.5,42.5,YFT,21,114
2025-04-15,-8.33,42.09,YFT,19,114
2025-04-15,-8.5,41.3,YFT,17,102
2025-04-15,-9.1,41,YFT,19,107
2025-04-15,-8.4,40.46,YFT,17,103
2025-04-15,-6.5,42.5,YFT,21,112
2025-04-15,-6.5,42.5,BET,44,139
2025-04-15,-8.33,42.09,YFT,20,109
2025-04-15,-8.33,42.09,BET,40,130
2025-04-15,-8.5,41.3,YFT,15,103
2025-04-15,-9.1,41,YFT,43,135
2025-04-15,-8.4,40.46,YFT,18,109
2025-04-15,-6.5,42.5,YFT,20,110
2025-04-15,-6.5,42.5,BET,39,127
2025-04-15,-8.33,42.09,YFT,19,108
2025-04-15,-8.33,42.09,BET,30,110
2025-04-15,-8.5,41.3,YFT,21,112
2025-04-15,-9.1,41,YFT,18,105
2025-04-15,-8.4,40.46,YFT,15,95
2025-04-15,-6.5,42.5,YFT,23,102
2025-04-15,-6.5,42.5,BET,32,123
2025-04-15,-8.33,42.09,YFT,13,100
2025-04-15,-8.33,42.09,BET,31,118
2025-04-15,-8.5,41.3,YFT,17,103
2025-04-15,-8.5,41.3,BET,21,105
2025-04-15,-9.1,41,YFT,34,138
2025-04-15,-8.4,40.46,YFT,19,112
2025-04-15,-6.5,42.5,YFT,26,123
2025-04-15,-8.33,42.09,YFT,65,160
2025-04-15,-8.5,41.3,YFT,19,112
2025-04-15,-9.1,41,YFT,25,121
2025-04-15,-8.4,40.46,YFT,19,112
2024-12-15,-5.1,42.5,YFT,10,96
2024-12-15,-5.1,42.5,BET,90,160
2024-12-15,-5.13,42.53,YFT,10,96
2024-12-15,-5.13,42.53,BET,74,152
2024-12-15,-5.2,42.3,YFT,10,95
2024-12-15,-5.2,42.3,BET,57,136
2024-12-15,-5.15,42.32,YFT,11,96
2024-12-15,-5.15,42.32,BET,75,152
2024-12-15,-5.1,42.5,YFT,10,95
2024-12-15,-5.1,42.5,BET,85,156
2024-12-15,-5.13,42.53,YFT,14,113
2024-12-15,-5.13,42.53,BET,80,165
2024-12-15,-5.2,42.3,YFT,11,96
2024-12-15,-5.2,42.3,BET,73,150
2024-12-15,-5.15,42.32,YFT,10,94
2024-12-15,-5.15,42.32,BET,60,150
2024-12-15,-5.1,42.5,YFT,10,93
2024-12-15,-5.1,42.5,BET,41,132
2024-12-15,-5.13,42.53,YFT,25,126
2024-12-15,-5.13,42.53,BET,50,143
2024-12-15,-5.2,42.3,YFT,50,143
2024-12-15,-5.2,42.3,BET,42,133
2024-12-15,-5.15,42.32,YFT,12,95
2024-12-15,-5.15,42.32,BET,60,153
2024-12-15,-5.1,42.5,YFT,35,133
2024-12-15,-5.1,42.5,BET,45,136
2024-12-15,-5.13,42.53,YFT,32,132
2024-12-15,-5.13,42.53,BET,42,133
2024-12-15,-5.2,42.3,YFT,50,140
2024-12-15,-5.2,42.3,BET,48,141
2024-12-15,-5.15,42.32,YFT,32,127
2024-12-15,-5.15,42.32,BET,43,133
2024-12-15,-5.1,42.5,YFT,45,141
2024-12-15,-5.1,42.5,BET,71,160
2024-12-15,-5.13,42.53,YFT,50,144
2024-12-15,-5.13,42.53,BET,45,135
2024-12-15,-5.2,42.3,YFT,27,122
2024-12-15,-5.2,42.3,BET,63,155
2024-12-15,-5.15,42.32,YFT,30,126
2024-12-15,-5.15,42.32,BET,51,142
2024-12-15,-5.3,42.2,YFT,47,142
2024-12-15,-5.3,42.2,BET,43,135
2024-12-15,-5.2,41.5,YFT,16,112
2024-12-15,-5.2,41.5,BET,83,170
2024-12-15,-5.15,41.15,YFT,21,113
2024-12-15,-5.15,41.15,BET,41,132
2024-12-15,-5.05,40.4,YFT,20,113
2024-12-15,-5.05,40.4,BET,60,151
2024-12-15,-5.3,40.22,YFT,11,107
2024-12-15,-5.3,40.22,BET,90,178
2024-12-15,-5.58,40.15,YFT,50,146
2024-12-15,-5.58,40.15,BET,53,148
2024-12-15,-6.18,40.08,YFT,41,135
2024-12-15,-6.18,40.08,BET,45,140
2024-12-15,-5.3,42.2,YFT,26,120
2024-12-15,-5.3,42.2,BET,28,122
2024-12-15,-5.2,41.5,YFT,50,146
2024-12-15,-5.2,41.5,BET,11,106
2024-12-15,-5.15,41.15,YFT,31,125
2024-12-15,-5.15,41.15,BET,21,116
2024-12-15,-5.05,40.4,YFT,43,138
2024-12-15,-5.05,40.4,BET,63,153
2024-12-15,-5.3,40.22,YFT,27,125
2024-12-15,-5.58,40.15,YFT,40,136
2024-12-15,-6.18,40.08,YFT,47,144
2024-12-15,-5.3,42.2,YFT,33,127
2024-12-15,-5.2,41.5,YFT,27,122
2024-12-15,-5.15,41.15,YFT,30,126
2024-12-15,-5.05,40.4,YFT,50,145
2024-12-15,-5.3,40.22,YFT,35,132
2024-12-15,-5.58,40.15,YFT,31,126
2024-12-15,-6.18,40.08,YFT,35,133
2024-12-15,-5.3,42.2,YFT,41,139
2024-12-15,-5.2,41.5,YFT,32,128
2024-12-15,-5.15,41.15,YFT,40,136
2024-12-15,-5.05,40.4,YFT,35,131
2024-12-15,-5.3,40.22,YFT,34,131
2024-12-15,-5.58,40.15,YFT,37,133
2024-12-15,-6.18,40.08,YFT,28,126
2024-12-15,-5.3,42.2,YFT,42,137
2024-12-15,-5.2,41.5,YFT,54,150
2024-12-15,-5.15,41.15,YFT,35,132
2024-12-15,-5.05,40.4,YFT,39,135
2024-12-15,-5.3,40.22,YFT,52,148
2024-12-15,-5.58,40.15,YFT,29,125
2024-12-15,-6.18,40.08,YFT,30,127
2024-12-15,-6.35,40.2,YFT,35,132
2024-12-15,-6.56,40.22,YFT,39,135
2024-12-15,-6.43,40.18,YFT,52,148
2024-12-15,-6.55,40.5,YFT,29,125
2024-12-15,-6.3,41.25,YFT,30,127
2024-12-15,-6.15,41.28,YFT,28,123
2024-12-15,-6.15,41.28,BET,45,140
2024-12-15,-6.2,41.28,YFT,35,131
2024-12-15,-6.2,41.28,BET,33,122
2024-12-15,-6.35,40.2,YFT,43,140
2024-12-15,-6.56,40.22,YFT,35,132
2024-12-15,-6.43,40.18,YFT,29,124
2024-12-15,-6.55,40.5,YFT,60,145
2024-12-15,-6.3,41.25,YFT,22,119
2024-12-15,-6.15,41.28,YFT,18,119
2024-12-15,-6.2,41.28,YFT,22,117
2024-12-15,-6.35,40.2,YFT,23,119
2024-12-15,-6.56,40.22,YFT,71,165
2024-12-15,-6.43,40.18,YFT,57,155
2024-12-15,-6.55,40.5,YFT,44,140
2024-12-15,-6.3,41.25,YFT,25,122
2024-12-15,-6.15,41.28,YFT,24,121
2024-12-15,-6.2,41.28,YFT,33,130
2024-12-15,-6.2,41.28,BET,33,128
2024-12-15,-6.35,40.2,YFT,38,136
2024-12-15,-6.35,40.2,BET,40,132
2024-12-15,-6.56,40.22,YFT,45,140
2024-12-15,-6.56,40.22,BET,51,145
2024-12-15,-6.43,40.18,YFT,48,143
2024-12-15,-6.43,40.18,BET,27,123
2024-12-15,-6.55,40.5,YFT,50,146
2024-12-15,-6.55,40.5,BET,27,123
2024-12-15,-6.3,41.25,YFT,45,142
2024-12-15,-6.3,41.25,BET,99,190
2024-12-15,-6.15,41.28,YFT,50,146
2024-12-15,-6.15,41.28,BET,40,135
2024-12-15,-6.2,41.28,YFT,28,125
2024-12-15,-6.2,41.28,BET,53,146
2024-12-15,-6.35,40.2,YFT,34,130
2024-12-15,-6.35,40.2,BET,10,95
2024-12-15,-6.56,40.22,YFT,45,141
2024-12-15,-6.56,40.22,BET,10,94
2024-12-15,-6.43,40.18,YFT,30,127
2024-12-15,-6.43,40.18,BET,87,183
2024-12-15,-6.55,40.5,YFT,53,148
2024-12-15,-6.55,40.5,BET,26,123
2024-12-15,-6.3,41.25,YFT,68,163
2024-12-15,-6.3,41.25,BET,18,115
2024-12-15,-6.15,41.28,YFT,52,147
2024-12-15,-6.2,41.28,YFT,40,135
2024-12-15,-6.25,40.45,YFT,34,129
2024-12-15,-6.25,40.45,BET,27,123
2024-12-15,-7.23,40.31,YFT,28,122
2024-12-15,-9.28,40.1,YFT,48,143
2024-12-15,-9.26,40.1,YFT,38,133
2024-12-15,-9.29,40.11,YFT,51,145
2024-12-15,-9.29,40.11,YFT,46,143
2024-12-15,-9.29,40.11,BET,88,183
2024-12-15,-9.33,40.13,YFT,38,132
2024-12-15,-9.33,40.13,BET,38,133
2024-12-15,-6.25,40.45,YFT,45,142
2024-12-15,-6.25,40.45,BET,36,130
2024-12-15,-7.23,40.31,YFT,60,157
2024-12-15,-7.23,40.31,BET,38,132
2024-12-15,-9.28,40.1,YFT,28,125
2024-12-15,-9.28,40.1,BET,26,122
2024-12-15,-9.26,40.1,YFT,30,126
2024-12-15,-9.26,40.1,BET,41,135
2024-12-15,-9.29,40.11,YFT,32,128
2024-12-15,-9.29,40.11,BET,57,153
2024-12-15,-9.29,40.11,YFT,40,137
2024-12-15,-9.29,40.11,BET,45,140
2024-12-15,-9.33,40.13,YFT,37,132
2024-12-15,-9.33,40.13,BET,20,115
2024-12-15,-6.25,40.45,YFT,76,171
2024-12-15,-6.25,40.45,BET,21,115
2024-12-15,-7.23,40.31,YFT,55,152
2024-12-15,-7.23,40.31,BET,56,150
2024-12-15,-9.28,40.1,YFT,48,144
2024-12-15,-9.28,40.1,BET,43,127
2024-12-15,-9.26,40.1,YFT,32,127
2024-12-15,-9.26,40.1,BET,47,142
2024-12-15,-9.29,40.11,YFT,28,125
2024-12-15,-9.29,40.11,BET,53,148
2024-12-15,-9.29,40.11,YFT,35,131
2024-12-15,-9.29,40.11,BET,28,123
2024-12-15,-9.33,40.13,YFT,48,142
2024-12-15,-9.33,40.13,BET,42,138
2024-12-15,-6.25,40.45,YFT,38,135
2024-12-15,-6.25,40.45,BET,48,145
2024-12-15,-7.23,40.31,YFT,54,150
2024-12-15,-7.23,40.31,BET,88,180
2024-12-15,-9.28,40.1,YFT,33,128
2024-12-15,-9.28,40.1,BET,30,126
2024-12-15,-9.26,40.1,YFT,62,155
2024-12-15,-9.26,40.1,BET,22,118
2024-12-15,-9.29,40.11,YFT,70,162
2024-12-15,-9.29,40.11,BET,52,145
2024-12-15,-9.29,40.11,YFT,30,125
2024-12-15,-9.29,40.11,BET,28,122
2024-12-15,-9.33,40.13,YFT,41,135
2024-12-15,-9.33,40.13,BET,33,130
2024-12-15,-9.26,40.1,YFT,42,136
2024-12-15,-9.26,40.1,BET,36,131
2024-12-15,-9.29,40.11,YFT,33,127
2024-12-15,-9.29,40.11,BET,21,125
2025-01-15,-9.25,40.3,YFT,37,132
2025-01-15,-9.25,40.3,BET,92,180
2025-01-15,-9.22,40.22,YFT,33,132
2025-01-15,-9.22,40.22,BET,41,137
2025-01-15,-9.23,40.15,YFT,42,136
2025-01-15,-9.23,40.15,BET,30,123
2025-01-15,-9.3,40.17,YFT,36,130
2025-01-15,-9.3,40.17,BET,30,126
2025-01-15,-9.18,40.12,YFT,36,131
2025-01-15,-9.18,40.12,BET,17,112
2025-01-15,-9.18,40.15,YFT,31,126
2025-01-15,-9.18,40.15,BET,54,142
2025-01-15,-9.12,40.15,YFT,49,143
2025-01-15,-9.12,40.15,BET,63,155
2025-01-15,-9.25,40.3,YFT,42,137
2025-01-15,-9.25,40.3,BET,60,150
2025-01-15,-9.22,40.22,YFT,67,160
2025-01-15,-9.22,40.22,BET,19,108
2025-01-15,-9.23,40.15,YFT,50,143
2025-01-15,-9.23,40.15,BET,24,115
2025-01-15,-9.3,40.17,YFT,54,150
2025-01-15,-9.3,40.17,BET,30,121
2025-01-15,-9.18,40.12,YFT,34,128
2025-01-15,-9.18,40.12,BET,20,122
2025-01-15,-9.18,40.15,YFT,49,134
2025-01-15,-9.18,40.15,BET,23,121
2025-01-15,-9.12,40.15,YFT,72,165
2025-01-15,-9.12,40.15,BET,10,100
2025-01-15,-9.25,40.3,YFT,30,125
2025-01-15,-9.22,40.22,YFT,45,141
2025-01-15,-9.22,40.22,BET,40,131
2025-01-15,-9.23,40.15,YFT,50,144
2025-01-15,-9.23,40.15,BET,41,132
2025-01-15,-9.3,40.17,YFT,38,132
2025-01-15,-9.3,40.17,BET,33,125
2025-01-15,-9.18,40.12,YFT,65,158
2025-01-15,-9.18,40.12,BET,35,125
2025-01-15,-9.18,40.15,YFT,42,136
2025-01-15,-9.18,40.15,BET,21,112
2025-01-15,-9.12,40.15,YFT,33,128
2025-01-15,-9.12,40.15,BET,45,135
2025-01-15,-9.25,40.3,YFT,56,150
2025-01-15,-9.25,40.3,BET,43,132
2025-01-15,-9.22,40.22,YFT,40,134
2025-01-15,-9.22,40.22,BET,43,133
2025-01-15,-9.23,40.15,YFT,35,128
2025-01-15,-9.23,40.15,BET,21,112
2025-01-15,-9.3,40.17,YFT,50,146
2025-01-15,-9.3,40.17,BET,27,118
2025-01-15,-9.18,40.12,YFT,59,153
2025-01-15,-9.18,40.12,BET,31,122
2025-01-15,-9.18,40.15,YFT,43,140
2025-01-15,-9.18,40.15,BET,32,121
2025-01-15,-9.12,40.15,YFT,65,161
2025-01-15,-9.25,40.3,YFT,40,135
2025-01-15,-9.22,40.22,YFT,41,135
2025-01-15,-9.23,40.15,YFT,45,141
2025-01-15,-9.23,40.15,BET,50,139
2025-01-15,-9.3,40.17,YFT,27,121
2025-01-15,-9.3,40.17,BET,53,141
2025-01-15,-9.18,40.12,YFT,28,122
2025-01-15,-9.18,40.12,BET,30,121
2025-01-15,-9.18,40.15,YFT,30,123
2025-01-15,-9.18,40.15,BET,26,120
2025-01-15,-9.12,40.15,YFT,35,130
2025-01-15,-9.12,40.15,BET,20,111
2025-01-15,-9.16,40.15,YFT,83,173
2025-01-15,-9.16,40.15,BET,26,115
2025-01-15,-9.06,40.25,YFT,35,128
2025-01-15,-9.06,40.25,BET,23,114
2025-01-15,-8.35,40.42,YFT,30,125
2025-01-15,-9.16,40.15,YFT,28,121
2025-01-15,-9.06,40.25,YFT,41,133
2025-01-15,-8.35,40.42,YFT,58,151
2025-01-15,-8.35,40.42,BET,50,138
2025-01-15,-9.16,40.15,YFT,52,146
2025-01-15,-9.16,40.15,BET,30,121
2025-01-15,-9.06,40.25,YFT,32,137
2025-01-15,-9.06,40.25,BET,25,117
2025-01-15,-8.35,40.42,YFT,28,123
2025-01-15,-8.35,40.42,BET,22,112
2025-01-15,-9.16,40.15,YFT,40,134
2025-02-15,-7.2,40.21,YFT,52,143
2025-02-15,-7.2,40.21,BET,42,128
2025-02-15,-7.15,40.25,YFT,77,165
2025-02-15,-7.37,40.26,YFT,38,129
2025-02-15,-7.2,40.3,YFT,40,130
2025-02-15,-7.3,40.22,YFT,28,116
2025-02-15,-7.39,40.23,YFT,48,137
2025-02-15,-7.35,40.23,YFT,42,132
2025-02-15,-7.2,40.21,YFT,55,146
2025-02-15,-7.15,40.25,YFT,68,156
2025-02-15,-7.37,40.26,YFT,60,150
2025-02-15,-7.2,40.3,YFT,48,138
2025-02-15,-7.2,40.3,BET,60,145
2025-02-15,-7.3,40.22,YFT,72,160
2025-02-15,-7.3,40.22,BET,35,121
2025-02-15,-7.39,40.23,YFT,40,131
2025-02-15,-7.35,40.23,YFT,59,150
2025-02-15,-7.2,40.21,YFT,27,115
2025-02-15,-7.15,40.25,YFT,28,118
2025-02-15,-7.37,40.26,YFT,60,149
2025-02-15,-7.2,40.3,YFT,55,146
2025-02-15,-7.3,40.22,YFT,48,140
2025-02-15,-7.39,40.23,YFT,65,154
2025-02-15,-7.35,40.23,YFT,55,144
2025-02-15,-7.35,40.23,BET,41,126
2025-02-15,-7.2,40.21,YFT,28,119
2025-02-15,-7.2,40.21,BET,27,110
2025-02-15,-7.15,40.25,YFT,38,130
2025-02-15,-7.15,40.25,BET,39,123
2025-02-15,-7.37,40.26,YFT,56,148
2025-02-15,-7.37,40.26,BET,24,109
2025-02-15,-7.2,40.3,YFT,70,160
2025-02-15,-7.3,40.22,YFT,50,140
2025-02-15,-7.3,40.22,BET,40,126
2025-02-15,-7.39,40.23,YFT,52,141
2025-02-15,-7.39,40.23,BET,40,125
2025-02-15,-7.35,40.23,YFT,32,120
2025-02-15,-7.35,40.23,BET,41,127
2025-02-15,-7.2,40.21,YFT,47,139
2025-02-15,-7.2,40.21,BET,35,121
2025-02-15,-7.15,40.25,YFT,26,116
2025-02-15,-7.15,40.25,BET,35,120
2025-02-15,-7.37,40.26,YFT,57,166
2025-02-15,-7.37,40.26,BET,38,123
2025-02-15,-7.2,40.3,YFT,28,118
2025-02-15,-7.2,40.3,BET,30,113
2025-02-15,-7.3,40.22,YFT,46,135
2025-02-15,-7.3,40.22,BET,24,110
2025-02-15,-7.39,40.23,YFT,42,133
2025-02-15,-7.39,40.23,BET,20,103
2025-02-15,-7.35,40.23,YFT,50,140
2025-02-15,-7.35,40.23,BET,17,101
2025-02-15,-7.28,40.25,YFT,53,143
2025-02-15,-7.28,40.25,BET,78,151
2025-02-15,-7.2,40.25,YFT,28,117
2025-02-15,-7.15,40.28,YFT,35,126
2025-02-15,-7.2,40.23,YFT,40,128
2025-02-15,-6.43,41.16,YFT,72,160
2025-02-15,-7.28,40.25,YFT,33,122
2025-02-15,-7.2,40.25,YFT,28,119
2025-02-15,-7.15,40.28,YFT,70,156
2025-02-15,-7.2,40.23,YFT,66,154
2025-02-15,-6.43,41.16,YFT,45,135
2025-02-15,-7.28,40.25,YFT,58,146
2025-02-15,-7.28,40.25,BET,49,134
2025-02-15,-7.2,40.25,YFT,35,130
2025-02-15,-7.2,40.25,BET,20,103
2025-02-15,-7.15,40.28,YFT,68,156
2025-02-15,-7.2,40.23,YFT,32,122
2025-02-15,-6.43,41.16,YFT,30,121
2025-02-15,-7.28,40.25,YFT,63,151
2025-02-15,-7.28,40.25,BET,16,101
2025-02-15,-7.2,40.25,YFT,58,148
2025-02-15,-7.2,40.25,BET,18,102
2025-02-15,-7.15,40.28,YFT,45,134
2025-02-15,-7.15,40.28,BET,20,105
2025-02-15,-7.2,40.23,YFT,50,141
2025-02-15,-7.2,40.23,BET,19,107
2025-02-15,-6.43,41.16,YFT,45,135
2025-04-15,-7.3,42.35,YFT,34,130
2025-04-15,-7.3,42.35,BET,42,132
2025-04-15,-7.3,42.35,SKJ,1,1
2025-04-15,-7.5,41.52,YFT,26,120
2025-04-15,-7.5,41.52,BET,41,132
2025-04-15,-7.5,41.52,SKJ,1,1
2025-04-15,-8.2,41.18,YFT,44,139
2025-04-15,-8.2,41.18,BET,57,146
2025-04-15,-8.2,41.18,SKJ,1,1
2025-04-15,-8.41,40.31,YFT,54,148
2025-04-15,-8.41,40.31,SKJ,1,1
2025-04-15,-9.05,40.15,YFT,38,132
2025-04-15,-9.05,40.15,SKJ,1,1
2025-04-15,-9.25,40.2,YFT,44,139
2025-04-15,-7.3,42.35,YFT,36,131
2025-04-15,-7.5,41.52,YFT,38,133
2025-04-15,-8.2,41.18,YFT,42,138
2025-04-15,-8.41,40.31,YFT,35,130
2025-04-15,-9.05,40.15,YFT,53,146
2025-04-15,-9.25,40.2,YFT,57,151
2025-04-15,-7.3,42.35,YFT,48,142
2025-04-15,-7.5,41.52,YFT,40,133
2025-04-15,-8.2,41.18,YFT,47,142
2025-04-15,-8.41,40.31,YFT,53,148
2025-04-15,-8.41,40.31,BET,26,116
2025-04-15,-9.05,40.15,YFT,34,130
2025-04-15,-9.05,40.15,BET,28,118
2025-04-15,-9.25,40.2,YFT,18,113
2025-04-15,-9.25,40.2,BET,32,123
2025-04-15,-7.3,42.35,YFT,19,113
2025-04-15,-7.5,41.52,YFT,21,115
2025-04-15,-8.2,41.18,YFT,42,138
2025-04-15,-8.2,41.18,BET,50,141
2025-04-15,-8.41,40.31,YFT,56,150
2025-04-15,-8.41,40.31,BET,30,125
2025-04-15,-9.05,40.15,YFT,68,162
2025-04-15,-9.25,40.2,YFT,40,135
2025-04-15,-7.3,42.35,YFT,68,161
2025-04-15,-7.5,41.52,YFT,30,124
2025-04-15,-7.5,41.52,BET,27,116
2025-04-15,-8.2,41.18,YFT,31,125
2025-04-15,-8.41,40.31,YFT,72,163
2025-04-15,-9.05,40.15,YFT,20,111
2025-04-15,-9.25,40.2,YFT,45,140
2025-04-15,-9.2,40.25,YFT,38,133
2025-04-15,-9.2,40.25,BET,57,146
2025-04-15,-9.2,40.25,YFT,48,143
2025-04-15,-9.2,40.25,BET,58,141
2025-04-15,-9.2,40.25,YFT,41,138
2025-04-15,-9.2,40.25,YFT,32,127
2025-04-15,-9.2,40.25,YFT,42,135
2024-12-15,-5.55,42.42,BET,45,127
2024-12-15,-7.19,41.51,YFT,45,146
2024-12-15,-7.19,41.51,BET,45,127
2024-12-15,-7.2,41.52,YFT,35,135
2024-12-15,-7.2,41.52,BET,95,175
2024-12-15,-7.4,41.17,YFT,52,152
2024-12-15,-7.4,41.17,BET,105,181
2024-12-15,-7.33,40.45,YFT,26,127
2024-12-15,-7.33,40.45,BET,60,147
2024-12-15,-5.55,42.42,YFT,29,129
2024-12-15,-5.55,42.42,BET,41,125
2024-12-15,-6.42,42.3,YFT,45,146
2024-12-15,-6.42,42.3,BET,45,127
2024-12-15,-7,42.25,YFT,35,135
2024-12-15,-7,42.25,BET,112,185
2024-12-15,-7.19,41.51,YFT,52,152
2024-12-15,-7.19,41.51,BET,50,130
2024-12-15,-7.2,41.52,YFT,26,127
2024-12-15,-7.2,41.52,BET,75,159
2024-12-15,-7.4,41.17,YFT,29,129
2024-12-15,-7.4,41.17,BET,55,138
2024-12-15,-7.33,40.45,YFT,45,146
2024-12-15,-7.33,40.45,BET,52,135
2024-12-15,-5.55,42.42,YFT,35,135
2024-12-15,-5.55,42.42,BET,40,125
2024-12-15,-6.42,42.3,YFT,52,152
2024-12-15,-6.42,42.3,BET,31,102
2024-12-15,-7,42.25,YFT,26,127
2024-12-15,-7,42.25,BET,57,143
2024-12-15,-7.19,41.51,YFT,29,129
2024-12-15,-7.19,41.51,BET,52,135
2024-12-15,-7.2,41.52,YFT,36,137
2024-12-15,-7.2,41.52,BET,88,170
2024-12-15,-7.4,41.17,YFT,64,165
2024-12-15,-7.4,41.17,BET,39,122
2024-12-15,-7.33,40.45,YFT,25,125
2024-12-15,-5.55,42.42,YFT,26,127
2024-12-15,-6.42,42.3,YFT,29,129
2024-12-15,-7,42.25,YFT,50,150
2024-12-15,-7,42.25,BET,44,127
2024-12-15,-7.19,41.51,YFT,64,165
2024-12-15,-7.19,41.51,BET,26,111
2024-12-15,-7.2,41.52,YFT,25,125
2024-12-15,-7.4,41.17,YFT,26,127
2024-12-15,-7.33,40.45,YFT,23,123
2024-12-15,-5.55,42.42,YFT,50,150
2024-12-15,-5.55,42.42,BET,44,127
2024-12-15,-6.42,42.3,YFT,64,165
2024-12-15,-6.42,42.3,BET,26,111
2024-12-15,-7,42.25,YFT,25,125
2024-12-15,-7,42.25,BET,73,157
2024-12-15,-7.19,41.51,YFT,26,127
2024-12-15,-7.19,41.51,BET,67,153
2024-12-15,-7.2,41.52,YFT,23,123
2024-12-15,-7.2,41.52,BET,40,122
2024-12-15,-7.4,41.17,YFT,50,150
2024-12-15,-7.4,41.17,BET,75,159
2024-12-15,-7.33,40.45,YFT,64,165
2024-12-15,-7.33,40.45,BET,26,111
2024-12-15,-7.34,40.19,YFT,25,125
2024-12-15,-7.34,40.19,BET,73,157
2024-12-15,-7.26,40.22,YFT,26,127
2024-12-15,-7.26,40.22,BET,67,153
2024-12-15,-7.36,40.22,YFT,23,123
2024-12-15,-7.36,40.22,BET,40,122
2024-12-15,-7.26,41.03,YFT,50,150
2024-12-15,-7.26,41.03,BET,75,159
2024-12-15,-6.4,41.29,YFT,64,165
2024-12-15,-6.4,41.29,BET,26,111
2024-12-15,-6.05,41.4,YFT,25,125
2024-12-15,-6.05,41.4,BET,73,157
2024-12-15,-6.1,41.2,YFT,26,127
2024-12-15,-6.1,41.2,BET,67,153
2024-12-15,-7.34,40.19,YFT,23,123
2024-12-15,-7.34,40.19,BET,40,122
2024-12-15,-7.26,40.22,YFT,50,150
2024-12-15,-7.26,40.22,BET,75,159
2024-12-15,-7.36,40.22,YFT,64,165
2024-12-15,-7.36,40.22,BET,26,111
2024-12-15,-7.26,41.03,YFT,30,130
2024-12-15,-7.26,41.03,BET,73,157
2024-12-15,-6.4,41.29,YFT,26,127
2024-12-15,-6.4,41.29,BET,67,153
2024-12-15,-6.05,41.4,YFT,28,128
2024-12-15,-6.05,41.4,BET,40,122
2024-12-15,-6.1,41.2,YFT,35,135
2024-12-15,-6.1,41.2,BET,52,135
2024-12-15,-7.34,40.19,YFT,28,128
2024-12-15,-7.34,40.19,BET,40,125
2024-12-15,-7.26,40.22,YFT,26,126
2024-12-15,-7.36,40.22,YFT,20,120
2024-12-15,-7.26,41.03,YFT,16,116
2024-12-15,-6.4,41.29,YFT,35,135
2024-12-15,-6.4,41.29,BET,52,135
2024-12-15,-6.05,41.4,YFT,28,128
2024-12-15,-6.05,41.4,BET,40,125
2024-12-15,-6.1,41.2,YFT,26,126
2024-12-15,-6.1,41.2,BET,95,175
2024-12-15,-7.34,40.19,YFT,20,120
2024-12-15,-7.34,40.19,BET,60,147
2024-12-15,-7.26,40.22,YFT,16,116
2024-12-15,-7.26,40.22,BET,31,102
2024-12-15,-7.36,40.22,YFT,35,135
2024-12-15,-7.36,40.22,BET,52,135
2024-12-15,-7.26,41.03,YFT,28,128
2024-12-15,-7.26,41.03,BET,40,125
2024-12-15,-6.4,41.29,YFT,26,126
2024-12-15,-6.4,41.29,BET,95,175
2024-12-15,-6.05,41.4,YFT,20,120
2024-12-15,-6.05,41.4,BET,60,147
2024-12-15,-6.1,41.2,YFT,16,116
2024-12-15,-6.1,41.2,BET,31,102
2024-12-15,-7.34,40.19,YFT,35,135
2024-12-15,-7.34,40.19,BET,60,147
2024-12-15,-7.26,40.22,YFT,28,128
2024-12-15,-7.26,40.22,BET,41,123
2024-12-15,-7.36,40.22,YFT,26,126
2024-12-15,-7.36,40.22,BET,43,127
2024-12-15,-7.26,41.03,YFT,20,120
2024-12-15,-7.26,41.03,BET,18,62
2024-12-15,-6.4,41.29,YFT,16,116
2024-12-15,-6.05,41.4,YFT,35,135
2024-12-15,-6.05,41.4,BET,35,105
2024-12-15,-6.1,41.2,YFT,28,128
2024-12-15,-6.1,41.2,BET,35,105
2024-12-15,-5.57,41.12,YFT,26,126
2024-12-15,-5.57,41.12,BET,41,125
2024-12-15,-5.42,41.2,YFT,20,120
2024-12-15,-5.42,41.2,BET,43,126
2024-12-15,-5.44,41.22,YFT,16,116
2024-12-15,-5.44,41.22,BET,30,98
2024-12-15,-5.4,41.2,YFT,35,135
2024-12-15,-5.4,41.2,BET,26,102
2024-12-15,-6.12,41.4,YFT,28,128
2024-12-15,-7.05,41.47,YFT,26,126
2024-12-15,-7.53,41.43,YFT,20,120
2024-12-15,-5.57,41.12,YFT,16,116
2024-12-15,-5.42,41.2,YFT,35,135
2024-12-15,-5.42,41.2,BET,27,103
2024-12-15,-5.44,41.22,YFT,28,128
2024-12-15,-5.44,41.22,BET,47,137
2024-12-15,-5.4,41.2,YFT,26,126
2024-12-15,-5.4,41.2,BET,74,167
2024-12-15,-6.12,41.4,YFT,20,120
2024-12-15,-6.12,41.4,BET,38,127
2024-12-15,-7.05,41.47,YFT,16,116
2024-12-15,-7.05,41.47,BET,21,109
2024-12-15,-7.53,41.43,YFT,35,135
2024-12-15,-7.53,41.43,BET,70,163
2024-12-15,-5.57,41.12,YFT,28,128
2024-12-15,-5.57,41.12,BET,29,105
2024-12-15,-5.42,41.2,YFT,26,126
2024-12-15,-5.42,41.2,BET,23,112
2024-12-15,-5.44,41.22,YFT,20,120
2024-12-15,-5.4,41.2,YFT,16,116
2024-12-15,-6.12,41.4,YFT,36,135
2024-12-15,-6.12,41.4,BET,37,125
2024-12-15,-7.05,41.47,YFT,22,122
2024-12-15,-7.53,41.43,YFT,21,121
2024-12-15,-5.57,41.12,YFT,13,113
2024-12-15,-5.42,41.2,YFT,13,113
2024-12-15,-5.44,41.22,BET,55,149
2024-12-15,-5.4,41.2,YFT,35,135
2024-12-15,-5.4,41.2,BET,46,135
2024-12-15,-6.12,41.4,YFT,45,145
2024-12-15,-6.12,41.4,BET,27,102
2024-12-15,-7.05,41.47,YFT,39,139
2024-12-15,-7.05,41.47,BET,27,102
2024-12-15,-7.53,41.43,YFT,28,128
2024-12-15,-7.53,41.43,BET,24,110
2024-12-15,-5.44,41.22,YFT,21,121
2024-12-15,-5.44,41.22,BET,24,110
2025-01-15,-8.21,41.48,YFT,35,135
2025-01-15,-8.21,41.48,BET,45,135
2025-01-15,-8.49,41.54,YFT,45,145
2025-01-15,-8.31,41.56,YFT,39,139
2025-01-15,-8.15,41.35,YFT,28,128
2025-01-15,-8.27,41.33,YFT,21,121
2025-01-15,-7.44,41.17,YFT,35,135
2025-01-15,-7.44,41.17,BET,52,146
2025-01-15,-6.55,40.52,YFT,45,145
2025-01-15,-6.55,40.52,BET,38,126
2025-01-15,-8.21,41.48,YFT,39,139
2025-01-15,-8.21,41.48,BET,32,123
2025-01-15,-8.49,41.54,YFT,28,128
2025-01-15,-8.49,41.54,BET,22,110
2025-01-15,-8.31,41.56,YFT,21,121
2025-01-15,-8.15,41.35,YFT,35,135
2025-01-15,-8.15,41.35,BET,56,150
2025-01-15,-8.27,41.33,YFT,45,145
2025-01-15,-8.27,41.33,BET,59,155
2025-01-15,-7.44,41.17,YFT,39,139
2025-01-15,-7.44,41.17,BET,32,123
2025-01-15,-6.55,40.52,YFT,28,128
2025-01-15,-6.55,40.52,BET,22,110
2025-01-15,-8.21,41.48,YFT,21,121
2025-01-15,-8.21,41.48,BET,78,180
2025-01-15,-8.49,41.54,YFT,35,135
2025-01-15,-8.49,41.54,BET,68,162
2025-01-15,-8.31,41.56,YFT,45,145
2025-01-15,-8.31,41.56,BET,59,155
2025-01-15,-8.15,41.35,YFT,39,139
2025-01-15,-8.15,41.35,BET,35,123
2025-01-15,-8.27,41.33,YFT,28,128
2025-01-15,-8.27,41.33,BET,22,110
2025-01-15,-7.44,41.17,YFT,21,121
2025-01-15,-7.44,41.17,BET,78,180
2025-01-15,-6.55,40.52,YFT,35,135
2025-01-15,-6.55,40.52,BET,56,150
2025-01-15,-8.21,41.48,YFT,45,145
2025-01-15,-8.21,41.48,BET,37,125
2025-01-15,-8.49,41.54,YFT,39,139
2025-01-15,-8.49,41.54,BET,26,102
2025-01-15,-8.31,41.56,YFT,28,128
2025-01-15,-8.31,41.56,BET,23,110
2025-01-15,-8.15,41.35,YFT,21,121
2025-01-15,-8.27,41.33,YFT,35,135
2025-01-15,-8.27,41.33,BET,52,146
2025-01-15,-7.44,41.17,YFT,45,145
2025-01-15,-7.44,41.17,BET,20,107
2025-01-15,-6.55,40.52,YFT,39,139
2025-01-15,-6.55,40.52,BET,21,109
2025-01-15,-8.21,41.48,YFT,28,128
2025-01-15,-8.21,41.48,BET,22,110
2025-01-15,-8.49,41.54,YFT,21,121
2025-01-15,-8.49,41.54,BET,17,68
2025-01-15,-8.31,41.56,YFT,35,137
2025-01-15,-8.31,41.56,BET,50,148
2025-01-15,-8.15,41.35,YFT,45,145
2025-01-15,-8.15,41.35,BET,20,105
2025-01-15,-8.27,41.33,YFT,40,141
2025-01-15,-8.27,41.33,BET,20,106
2025-01-15,-7.44,41.17,YFT,25,126
2025-01-15,-7.44,41.17,BET,21,110
2025-01-15,-6.55,40.52,YFT,21,121
2025-01-15,-6.55,40.52,BET,17,71
2025-01-15,-6.3,40.58,YFT,25,126
2025-01-15,-6.3,40.58,BET,93,181
2025-01-15,-6.3,40.58,SKJ,1,1
2025-01-15,-5.56,41.11,YFT,42,142
2025-01-15,-5.56,41.11,BET,24,100
2025-01-15,-5.28,42.17,YFT,51,151
2025-01-15,-5.28,42.17,BET,10,59
2025-01-15,-6.3,40.58,YFT,46,146
2025-01-15,-6.3,40.58,BET,22,110
2025-01-15,-5.56,41.11,YFT,23,123
2025-01-15,-5.28,42.17,YFT,20,120
2025-01-15,-5.28,42.17,BET,36,125
2025-01-15,-6.3,40.58,YFT,33,133
2025-01-15,-6.3,40.58,BET,22,111
2025-01-15,-5.56,41.11,YFT,60,160
2025-01-15,-5.28,42.17,YFT,46,146
2025-01-15,-6.3,40.58,YFT,23,123
2025-04-15,-5.32,45.13,YFT,44,145
2025-04-15,-5.32,45.13,BET,57,152
2025-04-15,-6.11,41.5,YFT,31,132
2025-04-15,-6.11,41.5,BET,28,105
2025-04-15,-6.11,41.5,SKJ,1,1
2025-04-15,-6.01,41.37,YFT,68,168
2025-04-15,-5.28,41.28,YFT,52,152
2025-04-15,-5.29,41.44,YFT,32,132
2025-04-15,-5.32,45.13,YFT,44,145
2025-04-15,-5.32,45.13,BET,58,155
2025-04-15,-6.11,41.5,YFT,31,132
2025-04-15,-6.11,41.5,BET,22,110
2025-04-15,-6.01,41.37,YFT,68,168
2025-04-15,-5.28,41.28,YFT,52,152
2025-04-15,-5.29,41.44,YFT,32,132
2025-04-15,-5.32,45.13,YFT,34,135
2025-04-15,-6.11,41.5,YFT,25,125
2025-04-15,-6.01,41.37,YFT,46,146
2025-04-15,-5.28,41.28,YFT,34,135
2025-04-15,-5.29,41.44,YFT,16,116
2025-04-15,-5.32,45.13,YFT,34,135
2025-04-15,-5.32,45.13,BET,42,132
2025-04-15,-6.11,41.5,YFT,25,125
2025-04-15,-6.01,41.37,YFT,46,146
2025-04-15,-5.28,41.28,YFT,34,135
2025-04-15,-5.29,41.44,YFT,16,116
2025-04-15,-5.33,41.53,YFT,34,135
2025-04-15,-5.33,41.53,BET,45,135
2025-04-15,-5.33,41.53,YFT,25,125
2025-04-15,-5.33,41.53,YFT,46,146
2025-04-15,-5.33,41.53,YFT,34,135
2025-04-15,-5.33,41.53,YFT,16,116
2024-11-15,-8,41,YFT,30,126
2024-11-15,-8,41,YFT,19,103
2024-11-15,-8,41,YFT,21,104
2024-11-15,-8.53,41.18,YFT,20,103
2024-11-15,-8.55,41.18,YFT,41,141
2024-11-15,-9.25,41.06,YFT,40,141
2024-11-15,-9.25,41.06,BET,41,130
2024-11-15,-9.3,40.54,YFT,51,148
2024-11-15,-9.3,40.54,BET,50,140
2024-11-15,-9.44,40.38,YFT,29,126
2024-11-15,-9.26,40.29,YFT,47,141
2024-11-15,-9.11,40.42,YFT,18,98
2024-11-15,-8.26,41.08,YFT,30,126
2024-11-15,-8.26,41.08,BET,52,145
2024-11-15,-8.26,41.08,YFT,47,141
2024-11-15,-8.26,41.08,BET,15,120
2024-11-15,-8.26,41.2,YFT,40,143
2024-11-15,-8.26,41.2,BET,37,130
2024-11-15,-8.27,41.24,YFT,45,140
2024-11-15,-8.27,41.24,BET,35,128
2024-11-15,-8.3,41.15,YFT,55,153
2024-11-15,-8.3,41.15,BET,34,126
2024-11-15,-8.29,40.56,YFT,30,127
2024-11-15,-8.29,40.56,BET,35,126
2024-11-15,-9.05,41.4,YFT,61,161
2024-11-15,-9.05,41.4,BET,39,138
2024-11-15,-9.36,41.45,YFT,84,172
2024-11-15,-9.36,41.45,BET,37,138
2024-11-15,-9.38,41.45,YFT,21,116
2024-11-15,-8.3,41.37,YFT,17,95
2024-11-15,-7.48,42.09,YFT,22,115
2024-11-15,-7.48,42.09,BET,30,120
2024-11-15,-8.02,42.13,YFT,25,120
2024-11-15,-8.02,42.13,BET,33,121
2024-11-15,-8.12,42.2,YFT,29,124
2024-11-15,-8.15,41.56,YFT,31,127
2024-11-15,-7.46,42.04,YFT,38,133
2024-12-15,-7.11,42.29,YFT,46,143
2024-12-15,-7.11,42.29,BET,81,165
2024-12-15,-7.12,42.15,YFT,29,126
2024-12-15,-7.12,42.15,BET,21,127
2024-12-15,-7.22,42.09,YFT,18,97
2024-12-15,-7.22,42.09,BET,23,130
2024-12-15,-7.27,41.57,YFT,35,138
2024-12-15,-7.27,41.57,BET,10,82
2024-12-15,-7.17,42.08,YFT,33,138
2024-12-15,-6.37,41.54,YFT,26,127
2024-12-15,-6.37,41.54,BET,61,146
2024-12-15,-6.3,41.47,YFT,21,118
2024-12-15,-6.3,41.47,BET,34,126
2024-12-15,-7.14,42.18,YFT,21,119
2024-12-15,-7.22,42.28,YFT,11,93
2024-12-15,-6.22,41.57,YFT,61,148
2024-12-15,-6.29,41.49,YFT,44,142
2025-01-15,-6.37,42.27,YFT,80,170
2025-01-15,-6.37,42.27,BET,60,146
2025-01-15,-6.48,42.25,YFT,60,161
2025-01-15,-6.48,42.25,BET,56,145
2025-01-15,-6.52,42.27,YFT,30,133
2025-01-15,-6.52,42.27,BET,20,103
2025-01-15,-6.42,42.26,YFT,17,95
2025-01-15,-6.42,42.26,BET,21,103
2025-01-15,-6.54,42.05,YFT,23,108
2025-01-15,-6.54,42.05,BET,23,105
2025-01-15,-7.55,41.23,YFT,20,101
2025-01-15,-7.55,41.23,BET,12,82
2025-01-15,-7.59,41.2,YFT,12,90
2025-01-15,-7.58,41.21,YFT,11,85
2025-01-15,-6.42,40.47,YFT,31,125
2025-01-15,-6.42,40.47,BET,20,102
2025-01-15,-6.37,40.36,YFT,41,138
2025-01-15,-6.37,40.36,BET,11,72
2025-01-15,-6.33,40.38,YFT,53,147
2025-01-15,-6.29,40.23,YFT,22,105
2025-01-15,-6.02,40.26,YFT,21,102
2025-01-15,-6.03,40.16,YFT,29,132
2025-01-15,-6.03,40.16,BET,63,165
2025-01-15,-5.55,40.24,YFT,28,130
2025-01-15,-5.55,40.24,BET,34,126
2025-01-15,-6.18,42.11,YFT,61,160
2025-01-15,-6.18,42.11,BET,25,106
2025-01-15,-6.17,42.24,YFT,57,155
2025-01-15,-6.17,42.24,BET,31,125
2025-01-15,-6.16,42.21,YFT,41,143
2024-11-15,-8.21,41.21,YFT,58,158
2024-11-15,-8.21,41.21,BET,22,108
2024-11-15,-8.45,41.42,YFT,45,138
2024-11-15,-8.45,41.42,BET,20,103
2024-11-15,-8.48,41.43,YFT,32,129
2024-11-15,-8.48,41.43,BET,20,108
2024-11-15,-8.37,42.01,YFT,37,140
2024-11-15,-7.48,42.09,YFT,30,127
2024-11-15,-8.23,41,YFT,38,130
2024-11-15,-8.23,41,BET,21,128
2024-11-15,-8.4,41,YFT,50,155
2024-11-15,-8.4,41,BET,20,127
2024-11-15,-9.1,41.31,YFT,50,150
2024-11-15,-9.1,41.31,BET,21,128
2024-11-15,-9.16,41.04,YFT,40,143
2024-11-15,-9.16,41.04,BET,23,103
2024-11-15,-9.21,40.3,YFT,27,125
2024-11-15,-9.21,40.3,BET,23,103
2024-12-15,-6.28,42.57,YFT,27,125
2024-12-15,-6.28,42.57,BET,45,140
2024-12-15,-6.26,43,YFT,35,138
2024-12-15,-6.26,43,BET,52,143
2024-12-15,-6.48,42.5,YFT,32,132
2024-12-15,-6.48,42.5,BET,32,123
2024-12-15,-9.09,42.03,YFT,37,138
2024-12-15,-9.13,41.56,YFT,32,132
2024-12-15,-6.46,43.12,BET,0,0
2024-12-15,-6.48,42.22,YFT,31,125
2024-12-15,-6.48,42.22,BET,42,137
2024-12-15,-6.4,41.5,YFT,41,140
2024-12-15,-6.4,41.5,BET,85,163
2024-12-15,-6.18,41.16,YFT,37,137
2024-12-15,-6.18,41.16,BET,27,119
2024-12-15,-6.12,41.02,YFT,29,121
2024-12-15,-6.12,41.02,BET,31,123
2024-12-15,-5.48,41.3,YFT,44,140
2024-12-15,-5.48,41.3,BET,22,105
2025-01-15,-6.28,43.31,YFT,31,125
2025-01-15,-6.28,43.31,BET,35,129
2025-01-15,-6.29,42.59,YFT,33,128
2025-01-15,-6.29,42.59,BET,28,123
2025-01-15,-6.48,42.52,YFT,27,121
2025-01-15,-6.48,42.52,BET,21,105
2025-01-15,-6.31,42.59,YFT,23,106
2025-01-15,-6.31,42.59,BET,24,108
2025-01-15,-5.37,43.06,YFT,17,95
2025-01-15,-5.37,43.06,BET,38,138
2025-01-15,-5.38,43.01,YFT,17,92
2025-01-15,-5.38,43.01,BET,45,140
2025-01-15,-5.37,43.06,YFT,31,125
2025-01-15,-5.37,43.06,BET,95,177
2025-01-15,-5.38,43.01,YFT,30,124
2025-01-15,-5.38,43.01,BET,96,177
2025-01-15,-5.37,43.06,YFT,32,128
2025-01-15,-5.37,43.06,BET,48,143
2025-01-15,-5.38,43.01,YFT,37,142
2025-01-15,-5.38,43.01,BET,37,129
2025-01-15,-6.4,43.01,YFT,40,135
2025-01-15,-6.4,43.01,BET,43,137
2025-01-15,-7.31,42.45,YFT,36,131
2025-01-15,-7.31,42.45,BET,29,121
2025-01-15,-7.29,42.53,YFT,32,127
2025-01-15,-7.29,42.53,BET,27,112
2025-01-15,-7,43.05,YFT,23,107
2025-01-15,-7,43.05,BET,20,100
2025-01-15,-6.38,43.05,YFT,20,104
2025-01-15,-6.38,43.05,BET,17,95
2025-01-15,-9.21,40.26,YFT,26,123
2025-01-15,-9.21,40.26,BET,37,132
2025-01-15,-9.31,40.37,YFT,38,140
2025-01-15,-9.31,40.37,BET,27,124
2025-01-15,-9.2,40.43,YFT,40,143
2025-01-15,-9.2,40.43,BET,32,123
2025-01-15,-7.05,41.58,YFT,52,147
2025-01-15,-7.05,41.58,BET,32,125
2025-01-15,-6.49,42.08,YFT,32,130
2025-02-15,-6.15,43.07,BET,65,163
2024-11-15,-7,41,YFT,30,127
2024-11-15,-7,41,BET,27,124
2024-11-15,-7,40,YFT,33,130
2024-11-15,-7,40,BET,31,120
2024-11-15,-7,40,BET,33,121
2024-11-15,-7,40,BET,42,130
2024-11-15,-7,40,BET,41,130
2024-11-15,-7,41,YFT,26,122
2024-11-15,-7,41,BET,28,115
2024-11-15,-7,41,YFT,29,125
2024-11-15,-7,41,BET,33,121
2024-11-15,-7,41,YFT,30,126
2024-11-15,-7,41,BET,30,120
2024-11-15,-7,41,YFT,34,130
2024-11-15,-7,41,BET,35,124
2024-11-15,-7,40,YFT,37,133
2024-11-15,-7,40,BET,37,126
2024-11-15,-9,40,YFT,26,121
2024-11-15,-9,40,BET,16,85
2024-11-15,-9,40,YFT,29,125
2024-11-15,-9,40,BET,20,100
2024-11-15,-8,40,YFT,33,130
2024-11-15,-8,40,BET,20,100
2024-11-15,-8,40,YFT,35,131
2024-11-15,-8,40,BET,21,101
2024-11-15,-8,40,YFT,43,140
2024-11-15,-8,40,BET,26,110
2024-12-15,-6,40,YFT,26,110
2024-12-15,-6,40,BET,41,134
2024-12-15,-6,42,YFT,29,121
2024-12-15,-6,42,BET,45,137
2024-12-15,-6,41,YFT,33,128
2024-12-15,-6,41,BET,45,138
2024-12-15,-6,41,YFT,34,129
2024-12-15,-6,41,BET,49,142
2024-12-15,-7,41,YFT,41,135
2024-12-15,-7,42,YFT,26,120
2024-12-15,-7,42,YFT,30,124
2024-12-15,-7,42,YFT,33,127
2024-12-15,-7,42,YFT,41,136
2024-12-15,-7,42,YFT,49,142
2024-12-15,-7,42,YFT,23,109
2024-12-15,-7,42,YFT,26,119
2024-12-15,-7,42,YFT,30,124
2024-12-15,-7,42,YFT,35,130
2024-12-15,-8,42,YFT,39,133
2025-01-15,-6,43,YFT,23,108
2025-01-15,-6,42,YFT,28,121
2025-01-15,-6,43,YFT,34,128
2025-01-15,-6,42,YFT,36,130
2025-01-15,-6,42,YFT,42,136
2024-11-15,-9.19,41.02,YFT,56,154
2024-11-15,-9.32,41,YFT,72,170
2024-11-15,-9.36,41.51,YFT,29,126
2024-11-15,-9.21,41.55,YFT,67,164
2024-11-15,-8.15,42,YFT,40,137
2024-11-15,-7.41,41.58,YFT,72,171
2024-11-15,-7.3,42.14,YFT,18,95
2024-11-15,-7.21,42.16,YFT,58,155
2024-11-15,-7.35,42.16,YFT,29,127
2024-11-15,-7.46,41.57,YFT,46,140
2024-11-15,-8.3,41.06,YFT,25,126
2024-11-15,-8.3,41.06,BET,65,163
2024-11-15,-8.32,41.02,YFT,30,127
2024-11-15,-8.32,41.02,BET,23,130
2024-11-15,-8.31,40.48,YFT,41,142
2024-11-15,-8.31,40.48,BET,55,145
2024-11-15,-8.3,40.54,YFT,10,72
2024-11-15,-8.3,40.54,BET,43,142
2024-11-15,-9.02,41.2,YFT,46,140
2024-11-15,-9.02,41.2,BET,15,88
2024-11-15,-9.41,41.02,YFT,61,163
2024-11-15,-9.41,41.02,BET,36,130
2024-11-15,-8.5,41.02,YFT,47,141
2024-11-15,-8.5,41.02,BET,37,130
2024-11-15,-8.18,42.02,YFT,11,92
2024-11-15,-8.18,42.02,BET,21,104
2024-11-15,-8.09,42.15,YFT,27,127
2024-11-15,-8.18,42.09,YFT,52,156
2024-12-15,-7.14,43.06,YFT,64,170
2024-12-15,-7.14,43.06,BET,50,144
2024-12-15,-7.12,42.36,YFT,46,140
2024-12-15,-7.12,42.36,BET,57,148
2024-12-15,-7.19,42.42,YFT,29,125
2024-12-15,-7.32,42.12,YFT,18,96
2024-12-15,-7.3,42.1,YFT,27,125
2024-12-15,-7.3,42.11,YFT,58,155
2024-12-15,-7.3,42.11,BET,66,165
2024-12-15,-7.07,42.17,YFT,29,126
2024-12-15,-7.07,42.17,BET,54,145
2024-12-15,-6.41,42.06,YFT,40,143
2024-12-15,-6.41,42.06,BET,35,131
2024-12-15,-6.26,42.05,YFT,18,96
2024-12-15,-6.26,42.05,BET,23,130
2024-12-15,-6.25,41.57,YFT,10,86
2024-12-15,-8.07,42.16,YFT,22,100
2024-12-15,-8.07,42.16,BET,41,130
2024-12-15,-8.12,42.11,YFT,45,140
2024-12-15,-8.12,42.11,BET,23,110
2024-12-15,-8.36,42.01,YFT,26,125
2024-12-15,-8.43,41.44,YFT,40,143
2024-12-15,-8.5,41.3,YFT,14,103
2024-12-15,-5.37,42.04,YFT,59,155
2024-12-15,-5.37,42.04,BET,17,100
2024-12-15,-5.51,41.51,YFT,63,168
2024-12-15,-5.51,41.51,BET,24,107
2024-12-15,-5.58,41.36,YFT,30,127
2024-12-15,-5.58,41.36,BET,27,120
2024-12-15,-6.01,41.1,YFT,23,107
2024-12-15,-5.47,41.03,YFT,46,140
2025-01-15,-6.39,43.13,YFT,34,128
2025-01-15,-6.39,43.13,BET,50,141
2025-01-15,-6.18,43.12,YFT,45,139
2025-01-15,-6.18,43.12,BET,22,101
2025-01-15,-6.16,42.51,YFT,20,101
2025-01-15,-6.16,42.51,BET,20,100
2025-01-15,-7.5,42.45,YFT,22,105
2025-01-15,-8.3,42.39,YFT,31,126
2025-01-15,-8.19,40.51,YFT,45,140
2025-01-15,-8.19,40.51,BET,25,115
2025-01-15,-7.21,40.49,YFT,45,139
2025-01-15,-7.21,40.49,BET,27,115
2025-01-15,-6.31,40.54,YFT,12,85
2025-01-15,-6.14,40.3,YFT,12,83
2025-01-15,-6.01,40.24,YFT,31,125
2025-01-15,-5.35,40.29,YFT,34,140
2025-01-15,-5.35,40.29,BET,47,140
2025-01-15,-5.25,40.28,YFT,45,148
2025-01-15,-5.25,40.28,BET,25,115
2025-01-15,-5.37,40.34,YFT,12,81
2025-01-15,-5.37,40.34,BET,20,105
2025-01-15,-5.15,40.52,YFT,12,83
2025-01-15,-5.15,40.52,YFT,31,135
2025-02-15,-5.15,41.21,YFT,35,140
2025-02-15,-5.15,41.21,BET,82,171
2025-02-15,-5.25,41.59,YFT,33,135
2025-02-15,-5.25,41.59,BET,43,142
2025-02-15,-5.24,42.04,YFT,40,142
2025-02-15,-5.13,42.37,YFT,30,130
2025-02-15,-5.25,41.59,YFT,50,145
2024-11-15,-6.49,41.15,YFT,29,126
2024-11-15,-8.13,41.26,YFT,34,130
2024-11-15,-8.12,41.39,YFT,38,134
2024-11-15,-8.1,40.49,YFT,40,136
2024-11-15,-8.04,40.44,YFT,46,142
2024-11-15,-6.49,41.15,YFT,28,124
2024-11-15,-8.13,41.26,YFT,30,127
2024-11-15,-8.12,41.39,YFT,35,130
2024-11-15,-8.1,40.49,YFT,42,138
2024-11-15,-8.04,40.44,YFT,53,149
2024-11-15,-9.19,40.2,YFT,26,120
2024-11-15,-8.52,40.21,YFT,31,127
2024-11-15,-7.51,40.19,YFT,37,133
2024-11-15,-7.5,40.58,YFT,42,138
2024-11-15,-7.57,40.56,YFT,57,153
2024-11-15,-7.44,40.54,YFT,26,121
2024-11-15,-7.53,40.53,YFT,29,123
2024-11-15,-7.39,40.5,YFT,31,127
2024-11-15,-7.43,40.48,YFT,36,131
2024-11-15,-7.39,41,YFT,42,137
2024-12-15,-6.43,43.33,YFT,21,103
2024-12-15,-8.16,41.21,YFT,25,119
2024-12-15,-8.11,41.22,YFT,27,122
2024-12-15,-7.03,41.46,YFT,30,125
2024-12-15,-7.12,42.27,YFT,34,129
2024-12-15,-8.01,42.39,YFT,22,106
2024-12-15,-8.01,42.39,BET,23,102
2024-12-15,-8,42.27,YFT,29,122
2024-12-15,-8,42.27,BET,29,110
2024-12-15,-8.08,42.14,YFT,36,130
2024-12-15,-8.08,42.14,BET,30,120
2024-12-15,-9.35,41.51,YFT,38,132
2024-12-15,-9.35,41.51,BET,33,121
2024-12-15,-7.43,41.46,YFT,44,138
2024-12-15,-7.43,41.46,BET,42,131
2024-12-15,-6.29,41.01,YFT,22,105
2024-12-15,-7.14,41.33,YFT,26,112
2024-12-15,-7.57,41.56,YFT,28,120
2024-12-15,-8.03,41.48,YFT,34,127
2024-12-15,-7.57,41.56,YFT,41,135
2024-11-15,-8,41,YFT,39,135
2024-11-15,-8,41,BET,36,123
2024-11-15,-8,41,YFT,40,139
2024-11-15,-8,41,BET,30,118
2024-11-15,-8,41,YFT,26,117
2024-11-15,-8,41,BET,20,100
2024-11-15,-7,41,YFT,22,106
2024-11-15,-7,41,YFT,30,126
2024-11-15,-7,41,YFT,28,124
2024-11-15,-7,41,YFT,33,130
2024-11-15,-7,41,YFT,30,126
2024-11-15,-7,41,YFT,25,121
2024-11-15,-7,41,YFT,41,137
2024-11-15,-7,40,YFT,22,123
2024-11-15,-7,40,BET,26,105
2024-11-15,-7,40,YFT,10,92
2024-11-15,-7,40,BET,41,135
2024-11-15,-7,40,YFT,51,155
2024-11-15,-7,40,BET,30,126
2024-11-15,-7,40,YFT,30,128
2024-11-15,-7,40,BET,22,100
2024-11-15,-7,40,YFT,41,141
2024-11-15,-7,40,BET,17,94
2024-11-15,-7,41,YFT,30,128
2024-11-15,-7,41,BET,21,107
2024-11-15,-7,41,YFT,60,160
2024-11-15,-7,41,BET,80,172
2024-11-15,-7,41,YFT,22,127
2024-11-15,-7,41,BET,17,106
2024-11-15,-7,41,YFT,40,139
2024-11-15,-7,41,BET,71,162
2024-11-15,-7,41,YFT,52,156
2024-11-15,-7,41,BET,37,136
2024-12-15,-7,42,YFT,20,102
2024-12-15,-7,42,BET,30,120
2024-12-15,-7,41,YFT,22,105
2024-12-15,-7,41,BET,47,138
2024-12-15,-7,41,YFT,26,117
2024-12-15,-7,41,YFT,29,121
2024-12-15,-7,41,YFT,35,130
2024-12-15,-6,42,YFT,29,123
2024-12-15,-6,42,BET,76,165
2024-12-15,-6,42,YFT,25,118
2024-12-15,-6,42,YFT,22,105
2024-12-15,-6,41,YFT,23,108
2024-12-15,-6,41,BET,23,109
2024-12-15,-6,41,YFT,25,112
2024-12-15,-6,41,YFT,27,120
2024-12-15,-6,41,YFT,34,128
2024-12-15,-6,41,YFT,42,136
